"Adugs vahvel 3,5kg";Vahvel;1000
"ALMA Piim * 3.5%* 1,0 kilep.";Piim 3,5 %;1000
"ALMA Piim 2,5% 1,0 kilep.";Piim 2,5%;1000
Ruks viil 800g 6 Leibur;Leib (keskmiselt);1000
"Frikadellid ca7,5kg külm. RLK";Frikadellid;1000
"ALMA keefir 2,5% 1,0 kilep.";Keefir 2,5%;1000
"Merevaik nat.18,5% 200g";Sulatatud juust (keskmise rasvasusega);200
"ALMA Mait.-ta jogurt / 5,0 /2,5% lakt.vaba";Jogurt 2,2% (maitsestamata);1000
VANAEMA KÖÖK Sea guljašš 1kg(külmut.);Sealiha (keskmiselt);1000
EESTI SAI Õunapüreetäidisega saiakesed 10x55g(külmut.);Saiake;1000
FAZER Kodusai 320g;Sai (keskmiselt);1000
ALMA Piim 2,5% 1l(kile);Piim 2,5%;1000
ALMA Maitsestamata jogurt 2,5% 1kg(kile);Jogurt 2,2% (maitsestamata);1000
FROZANA Marjasegu 2,5kg;Marjad (külmutatud);2500
TARPLAN Provansaal majonees 50% 430g(tops);Majonees 40,5%;430
FELIX Tomatiketšup 1kg;Ketšup;1000
NORDIC Viieviljahelbed 600g;Viieviljahelbed;600
TARTU MILL Pikateraline riis 3kg;Riis;3000
TARTU MILL Pikateraline riis 1kg;Riis;1000
TARTU MILL Pikateraline sõmer riis 3kg(eelkeedetud);Riis;3000
TARTU MILL Fusilli 100% durum 5kg(spiraalid);Makaronid;5000
HALJAS Hirss 1kg;Hirsitangud;1000
LEIBUR Kirde sai 330g(viil);Sai (keskmiselt);1000
PJ Kartul punane Laura kg;Kartul;1000
PJ Pirn Conference väike kg;Pirn;1000
LINNU TALU Kanamunad 30tk. M(rest);Muna;30000
TRANSPORDIKAST (KAUPMEES);!!!ÄRA SISESTA ANCsse!!!;1000
VALIO Plastkast (tagastatav);!!!ÄRA SISESTA ANCsse!!!;1000
LEIBURI KAST;!!!ÄRA SISESTA ANCsse!!!;1000
Kodune sepik viil 300g 8/4 Leibur;Sepik;1000
"Alma koh.kreem metsmaasika /5,0/ 2,5%";Emma kohupiimakreem;5000
Külm. Broileriliha guljass 2kg Vanaema;Sealiha (keskmiselt);1000
Charlotta tort 1,4kg(kohupiima - ananassi);Tort;1400
Singi - juustukringel 1,5kg;Kringel;1500
Kooritud sibul;Sibul;1000
Isa peenleib viil 730g 8 Leibur;Leib (keskmiselt);1000
Lastevorst viil ca2,5kg map RLK;Vorst keedu (keskmiselt);1000
Kamajahu 400gx14 Tartu Mill;Kamajahu;400
Hernes koorit.kollane 1kg Veski Mati;Hernes (kuivatatud);1000
OHO Hommikusöök Kolm sõpra 500g;Teraviljahelbed;500
"Suhkur 1,0";Suhkur;1000
Alma 20% TOIDUKOOR 1 liiter;Hapukoor 20%;1000
Sea kuubik 24x24 mm  Nõo  külm.;Sealiha (keskmiselt);1000
ALMA TOIDUKOOR 20% 400ml;Hapukoor 20%;400
"Dr.Hellus Haps Maasika 1,0 TPT";Haps;1000
Pizzakate laht.;Sink (sea, keedu);1000
Nisuhelbed 500g Läti/Haljas;Nisuhelbed;500
Maasikad 2,5kg Iglotex-18c;Maasikas;2500
Alma ban.-maasika joogijogurt 1kg kile;Joogijogurt 2,5%;1000
Kirde sai viil 330g 8 Leibur;Sai (keskmiselt);1000
VIINER Lemmik ca1.3kg SLT;Viiner;1000
MAASIKAmoos;Moos (keskmiselt);3200
VAARIKAmoos;Moos (keskmiselt);3200
MUNGA moos;Moos (keskmiselt);3200
APELSINImarmelaad;Moos (keskmiselt);3200
ÕUNAmoos *;Moos (keskmiselt);3200
MUSTSõSTRAmoos;Moos (keskmiselt);3200
VAARIKAS PET;Mahlakonsentraat (keskmiselt);2000
MUSTSõSTAR PET;Mahlakonsentraat (keskmiselt);2000
KIRSS PET;Mahlakonsentraat (keskmiselt);2000
õUN PET;Mahlakonsentraat (keskmiselt);2000
TROOPILINE konts. mahl suhkruga PET;Mahlakonsentraat (keskmiselt);2000
APELSIN konts. mahl suhkruga PET;Mahlakonsentraat (keskmiselt);2000
SUVI PET;Mahlakonsentraat (keskmiselt);2000
DIETA Leivavorm 30x11x7cm (Gnali);!!!ÄRA SISESTA ANCsse!!!;1000
SAAREMAA k/s Peekon kg;Suitsusink (sealihast);1000
KAARLI Maasuitsu peekon kg;Suitsusink (sealihast);1000
PÕLTSAMAA Piknikukurk 8,2kg(viilud);Kurk (konserveeritud);8200
VESKI MATI Eriti hea nisujahu 2kg;Nisujahu;2000
PJ Õun Golden kg;Õun;1000
GREENFIELD Summer Bouquet ürditee 25x1,5g;Teepuru;38
NORDIC Kartulitärklis 500g;Kartulitärklis;500
PJ Õun Royal Gala kg;Õun;1000
SM Hakklihamaitseaine 330g(keskm.plastpurk);Maitseained (keskmiselt);330
Fazer kast;!!!ÄRA SISESTA ANCsse!!!;1000
"Hapukapsas 1,0 Kadarbiku";Hapukapsas;1000
Kirss(kivideta)2,5kg Iglotex.-18c;Kirss;2500
"Alma kohup.kreem-vanilli 5kg 2,5%";Emma kohupiimakreem;5000
Pudruriis 1kg Tartu Mill;Riis;1000
8-viljahelbed kliidega 500g VM;Kaheksaviljahelbed;500
8-viljahelbed kliidega 3kg VM;Kaheksaviljahelbed;3000
"ALMA Vahukoor 35% 1,0PP";Vahukoor 35%;1000
Adugs präänik täidisega 3kgkast;Präänik;3000
Edam juust viil 1kg E-Piim vast.dekl.198;Juust (keskmise rasvasusega);1000
Vaarikad 95/5 ekstra 2,5kg -18c PL;Marjad (külmutatud);2500
ALMA  Hapukoor 20% 500g kilep.;Hapukoor 20%;500
Hirss 1kg;Hirsitangud;1000
Br.kintsuliha nahata  2,5x4 PL -18c;Broilerifilee;1000
Jänks g.kohuke võiküpsise ja kirsitäidis;Kohuke (keskmiselt);1000
"Hakkliha ""Kodune"" 1.0kg SLPT";Hakkliha (sea-veise);1000
Seakaelakarbonaad  külm. LV/PL;Sealiha (keskmiselt);1000
PJ Pirn Conference suur kg;Pirn;1000
VESKI MATI Kaerahelbed 1kg(jämedad);Kaerahelbed;1000
VESKI MATI Tatar 7kg;Tatratangud;7000
SAAREMAA Või 82% 200g;Või 80%;200
PJ Hapukapsas porgandiga 1kg (Jaagumäe);Hapukapsas;1000
BALI Sõmer riis 10kg(2x5kg)(pol.kast);Riis;10000
VILMA Margariin küpsetamiseks 80% 500g;Margariin 80%;500
VESKI MATI Odrajahu 1,5kg;Odrajahu;1500
ESTOVER Hollandi leibjuust 25,2% 500g(viilud);Juust (keskmise rasvasusega);500
VALDORFO Puljongipulber kana 1kg;Maitseained (keskmiselt);1000
OHO Hommikusöök teraviljahelbed kakaoga 500g;Teraviljahelbed;500
EESTI PAGAR leivakast;!!!ÄRA SISESTA ANCsse!!!;1000
Stl.1391 09.10.17;!!!ÄRA SISESTA ANCsse!!!;1000
KURK kiles,Peipsi /Luunja;Kurk;1000
MURULAUK potis,Eesti;Maitseroheline;100
TÜÜMIAN potis, Eesti;Maitseroheline;100
AEDTILL UZ;Till;1000
ROHELINE SIBUL  Eesti, TTR 3435;Roheline sibul;1000
TOMAT ,Võiste aiand,Eesti 1.kl;Tomat;1000
"Kodujuust hapuk.ga  /5,0/  5% Farmi";Kodujuust 4%;5000
"Sealihast strogonov 2,0 Lepiku";Sealiha (keskmiselt);1000
Paprikalõik 2,5 pun.kol.rohe.-18c;Paprika;2500
Paprika pun.lõigatud 4250ml/3900g/1800g;Paprika;1800
"Eesti juust viil 1kg 25,2%" Estover;Juust (keskmise rasvasusega);1000
"SALVEST Tükeld.kurk 4,1kg";Kurk (konserveeritud);4100
Tomat purust. 2500g Itaalia;Tomat;2500
Saaremaa või 200g;Või 80%;200
Sool Ekstra 1kg;Sool;1000
EESTI PAGAR Õnne sepik 300g(viil);Sepik;1000
FLEVOGOLD Broileri kintsuliha nahata,kondita A-klass 2kg;Broilerifilee;2000
ARDO Lillkapsaõisikud (30/60mm) 2,5kg;Lillkapsas;2500
FROZANA Brokoli õisikud 2,5kg;Brokkoli (külmutatud);2500
TARTU MILL Manna 3kg;Manna;3000
EESTI PAGAR Rukkisepik 300g;Sepik;1000
EESTI PAGAR Jassi seemneleib 650g;Teraleib;650
Maisimanna 1kg KATI;Maisimanna;1000
Kanamunad L  Läti BALTICOVO;Muna;1000
Tursa filee porstion n.-ta 5,5kg Norra/real:31.01.2018 ... -18*c;Kalafilee (keskmiselt);1000
Kookoshelbed 500g AK;Kookoshelbed;500
Must pipar tera 500g;Pipar;500
"Sealihast guljass 2,0 Lepiku";Sealiha (keskmiselt);1000
Merevaik sul.juust 370g laktoosivaba TERE;Sulatatud juust (keskmise rasvasusega);370
Külm.Frikadell Mini 1kg-18c UVIC;Frikadellid;1000
"Põldmarjad 1,0kg külm.";Marjad (külmutatud);1000
Vürtsikilu filee 520g Vici;Vürtsikilu;520
Vürtsikilu filee 210g Vici;Vürtsikilu;210
Maasika kuubikud 10x10mm 2,5kg GG -18c;Marjad (külmutatud);2500
Tuunikala õlis alum.pak.1000g/950g EC;Tuunikala;1000
Porgandikuubikud 2,5kg-18c;Porgand;2500
Broileri hakkliha 1,0 külm. Vanaema Köök";Broilerifilee;1000
"Gefilus Hapupiim 2.5% 1,0 PP";Hapupiim 2,5%;1000
EveSol 70% margariin 500g (18);Margariin 80%;500
Kaerahelbed jämedad 3kg VM;Kaerahelbed;3000
Majonees PROVANSAAL 430g tops;Majonees 40,5%;430
Vaniljesuhkur 1000g;Vaniljesuhkur;1000
Kiirkaerahelbed 500g Haljas;Kaerahelbed;500
"Dr.Hellus Haps Marja 1,0 2,5% TPT";Haps;1000
Marjasegu (6marja) 2,5kg GG;Marjad (külmutatud);2500
"Külm.hakkliha 1,0   Vanaema köök";Hakkliha (sea-veise);1000
Kanamunad M Läti APF Trading;Muna;1000
"Kõrvitsakuubid koduses mar.3,1kg Felix";Kõrvits (marineeritud);3100
Rehe rukkileib viilutatud 600g;Leib (keskmiselt);1000
"OLIVIA Rapsiõli 1,0";Toiduõli;1000
"Väike sarveke 3,0 VM";Makaronid;3000
Ruks Hele seemneleib 290g 8/4 Leibur;Teraleib;290
Tatar 3kg TM;Tatratangud;3000
"Krabinuudlid 1,0 külm.Vici";Makra;1000
PÕLTSAMAA Virsiku/mangonektar 1l;Aprikoosimehu;1000
ARDO Petersell 250g;Maitseroheline;250
ARDO Till 250g;Till;250
KATI Maisimanna 1kg;Maisimanna;1000
VESKI MATI Täistera riivleib 3kg;Riivleib;3000
TARTU MILL Pudruriis 3kg;Riis;3000
NÄKS NÄKS Rosin Sultana 1kg;Rosinad;1000
KALEV Piimašokolaad Mesikäpp vahvliga 300g;Kommid;300
KALEV Valge šokolaad õhitud riisi ja mustikatükkidega 200g;Kommid;200
KALEV Piimašokolaad Anneke 300g;Kommid;300
BELLA ROSA Punane Kidney uba 2,5kg;Oakonserv;2500
OLIVIA Rapsiõli 1l;Toiduõli;1000
PJ Mugulsibul kg;Sibul;1000
RAKVERE Viru keedusink kg (kang);Sink (sea, keedu);1000
Seakaelakarbonaad  külm. IE;Sealiha (keskmiselt);1000
Veisemaksa stroganov ca2kg Karjamõisa;Maks (veise);1000
Brüsseli kapsas 450g Iglotex;Valge peakapsas;450
Julienne mix 2,5kgx4 -18c;Juurviljasegu (külmutatud, keskmiselt);2500
Köögivilja segu 2,5kg KOOL Bonduelle -18c;Juurviljasegu (külmutatud, keskmiselt);2500
Rohelised herned 2,5kg IFQ -18c;Juurviljasegu (külmutatud, keskmiselt);2500
Stl.1471 18.10.17;!!!ÄRA SISESTA ANCsse!!!;1000
NUIKAPSAS ,Eesti;Nuikapsas;1000
AEDTILL Itaalia;Till;1000
Stl.1520 25.10.17;!!!ÄRA SISESTA ANCsse!!!;1000
KAPSAS värske, Eesti;Valge peakapsas;1000
Stl.1555 30.10.17;!!!ÄRA SISESTA ANCsse!!!;1000
BANAAN, Kolumbia;Banaan;1000
KURK kiles,Luunja;Kurk;1000
Virsikud (pool) 2650g/1500g Lorado;Virsikukonserv;2650
Mini poolsuitsuvorst VIIL  1,5kg (ca378viilu) Nõo;Poolsuitsuvorst;1000
Kooritud kaalikas;Kaalikas;1000
ALMA Keefir 2,5% 1kg(kile);Keefir 2,5%;1000
PJ Tomat kg;Tomat;1000
LEIBUR Ruks vormileib 600g(viil);Leib (keskmiselt);1000
TARTU MILL Kodune keeks 450g;Keeksipulber;450
BOOGIE Lehmakomm 1kg;Kommid;1000
GRANORO Spiraalid 3kg;Makaronid;3000
LA MARGHERITA Purustatud tomatid 2,5kg;Tomat;2500
EESTI PAGAR Perenaise sai 320g(viil);Sai (keskmiselt);1000
PJ Kumato tomat 500g;Tomat;500
"Eriti hea nisujahu 2,0 Veski Mati";Nisujahu;2000
Felix Tomatiketsup 1000g;Ketšup;1000
Pun.Kidney oad 2500/1500g  LM;Oakonserv;2500
Tõmmu pools.vorst ca500gWõro;Poolsuitsuvorst;1000
Tärklis Minu 400g;Kartulitärklis;400
Riisihelbed 4kg VM;Riisihelbed;4000
"Aura Virsikunektar 1,0l";Aprikoosimehu;1000
Saib viil 370g 7 Leibur;SAIB;370
Farmi Koorene maitseta jogurt 5% 400g;Jogurt 2,2% (maitsestamata);400
Salvest Salatikurk 520g;Kurk (konserveeritud);520
Must vormileib 600g Eesti Pagar 10/5;Leib (keskmiselt);1000
PÄHKLINÄPP Maapähklid 500g;Pähklid (keskmiselt);500
KATI Hernes 1kg(kollane,lihvitud);Hernes (kuivatatud);1000
KAARLI Suitsuribi rohke lihaga kg(MAP);Searibi;1000
RAKVERE Suitsupeekon kg(terk);Suitsusink (sealihast);1000
RAKVERE Valla suitsupõsk kamaraga kg(vaakum);Suitsusink (sealihast);1000
GRANORO Supitäheke 500g;Makaronid;500
MELISSA Primo gusto sarvekesed (100%) 500g;Makaronid;500
VESKI MATI Odrakruup 1kg;Odrakruup;1000
SALVEST Tükeldatud kurk 4,1kg;Kurk (konserveeritud);4100
RAKVERE Doktori Keeduvorst kg(kang);Vorst keedu (keskmiselt);1000
BI VITA Kummelitee 20x1,2g(niidita);Teepuru;24
LIPTON Kummelitee 25x1g (fooliumis);Teepuru;25
BI VITA Piparmünditee 20x1,5g(niidita);Teepuru;30
BELIN Pärnaõietee 20x1,5g;Teepuru;30
FAZER Südamesepik 340g;Sepik;1000
Lõhetükid nahata 7,5kg. plokk Norra/real:31.01.2019 ...-18*C;Lõhe/forell;1000
RÖST Kuldne klassik.sai 500g 7 Leibur;Sai (keskmiselt);1000
"Keedusink ""Sikassaare""";Sink (sea, keedu);1000
Troop.Apelsininektar 1l Põltsamaa;Apelsinimahl;1000
Riis pikateraline 1kg Tartu Mill;Riis;1000
"Äädikas 30% 0,5l";Äädikas;500
Vaarikad 95/5 klass A  2,5kg-18c PL;Marjad (külmutatud);2500
Valio riivjuust 4kg;Juust (keskmise rasvasusega);4000
FARMI Maitsestamata koorene jogurt 5% 1kg(pure);Jogurt 2,2% (maitsestamata);1000
JAPS Äädikas 30% 0,5l(plastpudel);Äädikas;500
SÖÖGISOODA 500g(karp);Söögisooda;500
LEIBUR Kaerasepik 300g;Sepik;1000
FAZER Peen vormileib 550g (viil);Leib (keskmiselt);1000
MEREVAIK Sulatatud juust 18,5% 200g;Sulatatud juust (keskmise rasvasusega);200
FELIX Tomatiketšup 2,5kg(kotis);Ketšup;2500
SM Hakklihamaitseaine 850g(plastpurk);Maitseained (keskmiselt);850
SM Puljongimaitseaine 845g (pure);Maitseained (keskmiselt);845
KALEV Piimašokolaad krõbedate küpsisepallidega 300g;Kommid;300
EESTI PAGAR Must vormileib 600g(viil);Leib (keskmiselt);1000
Kodune hakkliha 1kg EE -18c;Hakkliha (sea-veise);1000
Kodune hakkliha 1kg Lepiku -18c;Hakkliha (sea-veise);1000
Stl.1629 08.11.17;!!!ÄRA SISESTA ANCsse!!!;1000
BANAAN, Costa Rica;Banaan;1000
Durum nisujahu 1kg TM;Nisujahu;1000
Marineeritud peet viil 4,4kg Salvest;Punane peet;4400
Pasta durum Fusilli 5kg Tartu Mill;Makaronid;5000
Pasta durum Penne 5,0 Tartu Mill";Makaronid;5000
Seaabaliha 88% külm.~20.0 DE;Sealiha (keskmiselt);1000
RAKVERE Sea kaelakarbonaad kg (vaakumis);Sealiha (keskmiselt);1000
FOOD INDEX Ploomikompott (poolikud) 4,2kg(klaas);Kompott;4200
TERE Hapukoor 20% 1kg(kile);Hapukoor 20%;1000
TARTU MILL Kaerahelbed 3kg;Kaerahelbed;3000
ARDO Paprika segu 2,5kg;Paprika;2500
VESKI MATI Manna 500g;Manna;500
SM Küpsetuspulber 915g(plastpurk);Küpsetuspulber;915
BALSNACK Kamapallid 100g;Kamapallid;100
"Alma  maitseta jog.2,5% 1,0 kile";Jogurt 2,2% (maitsestamata);1000
5-viljahelbed 500g Haljas;Viieviljahelbed;500
Manna 1kg Tartu Mill;Manna;1000
Manna 3kg Tartu Mill;Manna;3000
OHO Hommikusöök terav.helbed kakaoga 500;Teraviljahelbed;500
Chippy maisihelbed 500g;Maisihelbed;500
Heeringafilee trad.1kg/790g Vici;Heeringas (soolatud);1000
Ananassitükid 3005g/1600g;Ananassi kompott;3005
Hiirte sulatatud juust maitsaroh.-ga 200g;Sulatatud juust (keskmise rasvasusega);200
"Br.kintsuliha n-ta,k-ta  500g/pk 9kg -18c PL;Broilerifilee;1000
METSPOHLAmoos KÜLLUS;Moos (keskmiselt);180
MUSTIKAmoos suhkruta;Moos (keskmiselt);180
POHLAsalat;Moos (keskmiselt);1000
EESTI PAGAR Kodukandi rukkileib 800g(viil);Leib (keskmiselt);1000
HALJAS 5-viljahelbed 500g;Viieviljahelbed;500
KALEV Šokolaadimedal Rõõmsaid Jõule 15g;Kommid;15
SAAREMAA k/s Peekon kg(tükk,vaakum);Suitsusink (sealihast);1000
VEGONTABLE Paprika viilud 4,25kg;Paprika;4250
Vesi-19;!!!ÄRA SISESTA ANCsse!!!;1000
PUDEL-19;!!!ÄRA SISESTA ANCsse!!!;1000
Piparkoogi taigen 850g;Piparkook;850
Stl.1698 16.11.17;!!!ÄRA SISESTA ANCsse!!!;1000
Stl.1739 21.11.17;!!!ÄRA SISESTA ANCsse!!!;1000
KURK  kiles,Hispaania;Kurk;1000
Stl.1761 23.11.17;!!!ÄRA SISESTA ANCsse!!!;1000
TOMAT kobar, Holland  1.kl;Tomat;1000
PORRULAUK ,Poola;Porrusibul;1000
Stl.1799 28.11.17;!!!ÄRA SISESTA ANCsse!!!;1000
Stl.1811 29.11.17;!!!ÄRA SISESTA ANCsse!!!;1000
BANAAN,Costa Rica;Banaan;1000
VESKI MATI Manna 1kg;Manna;1000
RAKVERE Kodune hakkliha 1kg(külmut.);Hakkliha (sea-veise);1000
VR.Anshoovis õlis kilufileest 1kg;Vürtsikilu;1000
MARWEL Tallinna anšoovis kilufileest 1kg;Vürtsikilu;1000
ESTOVER Eesti juust 25,2% 1kg(viilud);Juust (keskmise rasvasusega);1000
ESTOVER Hiirte juust 25,2% 500g(viilud);Juust (keskmise rasvasusega);500
DAN SUKKER TUHKSUHKUR 500g;Suhkur;500
ARDO Supiköögivili 2,5kg;Juurviljasegu (külmutatud, keskmiselt);2500
ELDORADO Kakaopulber 125g;Kakaopulber;125
TARTU MILL Kamajahu 400g;Kamajahu;400
KATI Hirss 1kg;Hirsitangud;1000
Emma vanilje kohupiimakreem 4% 5kg;Emma kohupiimakreem;5000
4-viljahelbed 500gx12 VeskiMati;Neljaviljahelbed;500
Toidusool jäme 1kg;Sool;1000
"Põltsamaa apelsinimahl 1,0";Apelsinimahl;1000
OHO hommikusöök riis sokol. 500g;Teraviljahelbed;500
RÖST Mitmevilja 470g 7 Leibur;Mitmeviljaröst;470
FAZER Must seemneleib 560g;Teraleib;560
ARDO Ratatouille segu 2,5kg;Juurviljasegu (külmutatud, keskmiselt);2500
ARDO Suvikõrvits tükeldatud 2,5kg;Juurviljasegu (külmutatud, keskmiselt);2500
TARTU MILL Chiffari Lisci 100% durum 500g(minisarveke);Makaronid;500
ALMA Hapukoor 20% 1kg(kile);Hapukoor 20%;1000
GERMUND Kookoshelbed 3kg;Kookoshelbed;3000
ISUKAS Lastevorsti kuubikud kg(0,5*0,5cm);Vorst keedu (keskmiselt);1000
PODRAVKA Vegeta 75g;Maitseained (keskmiselt);75
FELIX Põltsamaa kange sinep 65g;Sinep;65
ARDO Mehhiko segu 2,5kg;Juurviljasegu (külmutatud, keskmiselt);2500
KALEV Piparkoogid 240g;Piparkook;240
"Alma vaar.-kirsi joogijogurt 1,0 kilep.";Joogijogurt 2,5%;1000
Sea kaelakarb. JAHUTUS;Sealiha (keskmiselt);1000
PJ Porrulauk kg;Porrusibul;1000
TARTU MILL Tatar 3kg;Tatratangud;3000
MAKS&MOORITS Väike viiner 260g;Viiner;260
MAKS&MOORITS Kuubistatud pitsasink kg;Sink (sea, keedu);1000
LEIBUR Tallinna peenleib 1kg(viil);Leib (keskmiselt);1000
VIRSIKUmoos;Moos (keskmiselt);3200
PIRNI-SIDRUNImoos *;Moos (keskmiselt);3200
Kl.Suur Kirde sai viil 500g(6);Sai (keskmiselt);1000
Lõheliha n.-ta 12kg. Norra/real: 30.06.2018 ... -18*C;Lõhe/forell;1000
KALEV Jõuluseiklus jänkuga kommipakk 450g;Kommid;450
Kanafilee nagitsad 6kg/kast -18c FR;Kananagitsad;6000
"Kana nagitsad külm. ca 1,6 Tallegg";Kananagitsad;1000
Alma koh.kreem kirsi-maasika 150g;Kohupiimatops(keskmiselt);1000
Kartulitärklis 400g (sinine paberpakk);Kartulitärklis;400
Ribiliha külm. Nõo;Searibi;1000
Majonees PROVANSAAL 4.5kg;Majonees 40,5%;4500
SM Hakkliha maitseaine 850g;Maitseained (keskmiselt);850
Tõmmu p/s vorst 350g Atria;Poolsuitsuvorst;350
Nõo verivorst ca1 kg (seasooles);Verivorst;1000
Hakklihamaitseaine 1kg;Maitseained (keskmiselt);1000
P/s Saare;Poolsuitsuvorst;1000
"Br.kintsuliha  n-ta 1,0x10  PL külm";Broilerifilee;1000
Verivorst ca1.3kg  SLT;Verivorst;1000
"Krõbe Marja müsli 2,0 Veski Mati";Müsli;2000
Risotoriis 7kg VM;Riis;7000
"Hernes-porgand-mais 4x 2,5kg  GG;Juurviljasegu (külmutatud, keskmiselt);2500
Täistera riivleib 350gx15;Riivleib;350
"EMMA virsiku kreem 4% 0,15 TPT";Kohupiimatops(keskmiselt);1000
Rosin 500g;Rosinad;500
TARPLAN Majonees Lahe Laua 35% 4,5kg;Majonees 40,5%;4500
"Maasuitsusink ca2,5kg;Suitsusink (sealihast);1000
Pasta durum Alfabeto 500g TM (Tähestiku);Makaronid;500
Saaremaa Talusink ca1,2kg;Suitsusink (sealihast);1000
"Hommikupeekon 1,6kg viil Nõo";Suitsusink (sealihast);1000
Hollandi leibjuust viil 500g Valio;Juust (keskmise rasvasusega);500
Juust Sõbra viil 500g(8tk);Juust (keskmise rasvasusega);500
Stl.1826 01.12.17;!!!ÄRA SISESTA ANCsse!!!;1000
MANDARIIN Klementiin ,Hispaania 1.kl;Mandariin;1000
Stl.1880 07.12.17;!!!ÄRA SISESTA ANCsse!!!;1000
Lõhetükid n.-ta, kondita 7,5kg. Norra/real:31.08.2018 ... -18*C;Lõhe/forell;1000
ALMA Piim 3,5% 1l (kile);Piim 3,5 %;1000
ALMA Hapukoor 20% 500g(kile);Hapukoor 20%;500
EESTI PAGAR Rehe rukkivormileib 600g (viilutatud);Leib (keskmiselt);1000
PJ Õun Paulared kg;Õun;1000
FROZANA Maasikad 2,5kg;Marjad (külmutatud);2500
FROZANA Vaarikad 2,5kg;Marjad (külmutatud);2500
FROZANA Mustsõstrad 2,5kg;Marjad (külmutatud);2500
VICI Krabimaitselised nuudlid 200g(jahutatud);Makra;200
LINNU TALU Kanamunad 30tk. L(rest);Muna;30000
ESTOVER Riivjuust 25,2% 1kg;Juust (keskmise rasvasusega);1000
MAKS&MOORITS Kuubistatud pitsasink kg(karp);Sink (sea, keedu);1000
Sea kaelakarbonaad kg(külmut.);Sealiha (keskmiselt);1000
NORDIC Neljaviljahelbed 1,5kg;Neljaviljahelbed;1500
DAN SUKKER Suhkur 1kg;Suhkur;1000
PJ Kurk Eesti kiles kg;Kurk;1000
RAKVERE Laste keeduvorst kg(kang);Vorst keedu (keskmiselt);1000
FAZER Must vormileib 600g;Leib (keskmiselt);1000
Kooritud kartul;Kartul;1000
Kooritud porgand;Porgand;1000
Keedetud kooritud peet;Punane peet;1000
Riivitud kapsas;Valge peakapsas;1000
Stl.1243 20.09.17;!!!ÄRA SISESTA ANCsse!!!;1000
PIRN *Conference*55+ 2.kl.Holland;Pirn;1000
ÕUN *Paulared* 70+,2.kl,Poola;Õun;1000
KURK , Leedu;Kurk;1000
AEDTILL Eesti;Till;1000
MUGULSIBUL  ,Poola;Sibul;1000
Stl.1273 25.09.17;!!!ÄRA SISESTA ANCsse!!!;1000
HAPUKAPSAS  Eesti;Hapukapsas;1000
Seaaba kuubikud 2*2 Saaremaa;Sealiha (keskmiselt);1000
Stl.878 18.07.17;!!!ÄRA SISESTA ANCsse!!!;1000
MUGULSIBUL  ,Holland;Sibul;1000
VILMA Kakaopulber väh.rasvasis.150g 16pk;Kakaopulber;150
Neljavilja puder 500g Helen;Neljaviljahelbed;500
Kaerasepik viil 300g 8/4 Leibur;Sepik;1000
AMPSIKU pasteet 200g  Nõo;Maksapasteet;200
K/v Lastevorst  SLT;Vorst keedu (keskmiselt);1000
Kurk;Kurk;1000
Aedtill;Till;1000
Peakapsas;Valge peakapsas;1000
Hakkliha Kodune 1kg Raasiku -18c;Hakkliha (sea-veise);1000
Hirss 1kg Kati;Hirsitangud;1000
Leiburi Saib porgandiga 390g(7);SAIB;390
"Saaremaa piimaviiner 1,3kg map";Viiner;1000
"Vaarikas külm.1,0kg Poola";Marjad (külmutatud);1000
"Põltsamaa õuna mustsõstra nektar 1,0l";Mahlakonsentraat (keskmiselt);1000
Sibularõngad 1kg -18c  6tk Farm.frit.;Sibul;1000
Hollandi juust 900g viil Horeca;Juust (keskmise rasvasusega);900
"DR.Hellus Haps Vaarika 1,0";Haps;1000
Kanapuljong 1 kg;Maitseained (keskmiselt);1000
Köögiviljapuljong 1kg;Maitseained (keskmiselt);1000
"Neljaviljahelbed 3,0 VM";Neljaviljahelbed;3000
Riisihelbed karbis 500gx8 VM;Riisihelbed;500
Doktorivorst 600g RLK;Vorst keedu (keskmiselt);600
Riis aurutatud (sõmer) 3kg Tartu Mill;Riis;3000
Ananassitükid 3050/1840g Morl.;Ananassi kompott;3050
"Odrahelbed 3,0 VM";Odrahelbed;3000
Virsikunektar 1l Põltsamaa;Aprikoosimehu;1000
Kanamunad M10  Leedu;Muna;10000
Räimed tom.kastmes 240g konserv;Kalakonserv (sardiinid tomatikastmes);240
Seakaelakarbonaad  külm. LV;Sealiha (keskmiselt);1000
RUKS vormileib viil600g (6);Leib (keskmiselt);1000
RÖST Klassik.sai 300g viil Leibur;Sai (keskmiselt);1000
Talu peekon ca2kg Wikmani;Suitsusink (sealihast);1000
"Tume Peekon ca2,5kg;Suitsusink (sealihast);1000
Saiakate 300g RLK;Maksapasteet;300
Maasuitsu peekon ca2kg  Wikman;Suitsusink (sealihast);1000
Mintai filee nahata 10kg Hiina  -18c;Kalafilee (keskmiselt);1000
BANAANIlisand jogurtile 2l;Mahlakonsentraat (keskmiselt);2000
MAASIKAlisand jogurtile 2l;Mahlakonsentraat (keskmiselt);2000
VAARIKAlisand jogurtile 2l;Mahlakonsentraat (keskmiselt);2000
"Julienne köögiviljasegu 1,0 Dujardin";Juurviljasegu (külmutatud, keskmiselt);1000
Ruks Hele seemneleib 600g Leibur;Teraleib;600
Chippy maisihelbed sokol.250g;Maisihelbed;250
"Põltsamaa ploominektar 1,0";Ploominektar;1000
Extra Virgin oliivõli 1l Olitalia;Toiduõli;1000
Nordic 5-viljahelbed 600g;Viieviljahelbed;600
"Br.kintsuliha n-ta,k-ta 6x2,0 kg PL  -18c;Broilerifilee;2000
SALVEST Magus-vürtsikas köögiviljasalat 3kg;Aedviljasalat;3000
Puzta (köögivilja) salat 4000/2200g Kreeka;Aedviljasalat;4000
Saare leet juust viil 500g SPT;Juust (keskmise rasvasusega);500
"Adugs küpsis Käbi 2,5kg";Küpsis;2500
"Minu äädikas 30% 1,0";Äädikas;1000
Saare viiner 1.3kg;Viiner;1000
Riivjuust 2kg/pk SLT;Juust (keskmise rasvasusega);2000
"Valio maitseta jog.2,5% 1,0 kile";Jogurt 2,2% (maitsestamata);1000
Külm.lillkapsas 2,5kg-18c;Lillkapsas;2500
HALJAS 7-vilja helveste segu 500g;Seitsmeviljahelbed;500
VESKI MATI 8-Viljahelbed kliidega 3kg;Kaheksaviljahelbed;3000
VESKI MATI Neljaviljahelbed 3kg;Neljaviljahelbed;3000
VESKI MATI Rukkihelbed 3kg;Rukkihelbed;3000
DONNA CHIARA Väikesed teokarbid 500g;Makaronid;500
Jõhvikad 2,5kg(Eesti,külmut.);Jõhvikas;2500
KNORR Kanapuljong Base 1kg;Maitseained (keskmiselt);1000
TARTU MILL Hernes 3kg(kollane,lihvitud,poolitatud);Hernes (kuivatatud);3000
KATI Hernes 1kg(roheline,lihvitud);Hernes (kuivatatud);1000
TARTU MILL Odrakruup 1kg;Odrakruup;1000
TALLEGG Kanapallid kg(jahut.map);Kananagitsad;1000
FELIX Itaalia salatikaste 375g;Ketšup;375
FARMI Piim 3,5% 1l(kile);Piim 3,5 %;1000
Lõhetükid n.-ta, kondita 7,5kg. Norra/real:30.04.2018 ... -18*C;Lõhe/forell;1000
Stl.1049 25.08.17;!!!ÄRA SISESTA ANCsse!!!;1000
BANAAN, Kamerun;Banaan;1000
ÕUN  *Red  Prince * 90/+ Saksamaa.1.kl;Õun;1000
Stl.1069 29.08.17;!!!ÄRA SISESTA ANCsse!!!;1000
ANANASS *Extra Sweet*,Costa Rica;Ananass;1000
VIRSIK Hispaania 1.kl;Aprikoos;1000
MUSTIKAS 150g , Läti;Mustikad;150
INGVER  Hiina;Maitseained (keskmiselt);1000
HAPUKAPSAS porg.1,0 pk.  Eesti;Hapukapsas;1000
TOMAT  Poola , 1.kl ,;Tomat;1000
MUGULSIBUL punane, Egiptus;Sibul;1000
SIDRUN *Eureka*,LAV 1,kl;Sidrun;1000
LAIM  Mehhiko;Sidrun;1000
Stl.1082 31.08.17;!!!ÄRA SISESTA ANCsse!!!;1000
KAPSAS varajane, Eesti;Valge peakapsas;1000
Pikater.riis 7kg Veski Mati;Riis;7000
Rukkihelbed 3kg VM;Rukkihelbed;3000
Seemnete ja kliidega helbed 500g VeskiMati;Kaheksaviljahelbed;500
Sõmer riis 7kg VeskiMati;Riis;7000
"Piknikukurk VIIL mar. 8,2kg Felix";Kurk (konserveeritud);8200
Perenaise sai viilutatud  320g 8;Sai (keskmiselt);1000
Tatar 1kg;Tatratangud;1000
VANAEMA KÖÖK Hakkliha 1kg(sealiha 50%,veiseliha 50%,külmut.);Hakkliha (sea-veise);1000
PÕLTSAMAA Ploominektar 1l;Ploominektar;1000
VÄIKE VÄÄNIK Präänik šokolaadimaitseline 250g;Präänik;250
RATENSO Suitsu searibikont kg(MAP);Searibi;1000
EESTI PAGAR Suur Perenaise sai 500g;Sai (keskmiselt);1000
LEIBUR Suur Kirde sai 500g;Leib (keskmiselt);1000
FAZER Finest Täisteraleib 590g;Teraleib;590
LEIBUR Isa peenleib 350g;Leib (keskmiselt);1000
Hapukapsas;Hapukapsas;1000
Aedtill,petersell;Maitseroheline;1000
Spinatiportsjonid 30g 2,5kg GG -18c;Juurviljasegu (külmutatud, keskmiselt);2500
Punase rabarberi viilud 12/15mm 2,5 -18c;Rabarber;2500
Tomatipasta 28/30% 2200g Itaalia;Tomatipasta 20%;2200
Saare koorene kohuke KAKAO 40g;Kohuke (keskmiselt);1000
"Peen.seguliha(hakkliha)1,0 külm.Oskar";Hakkliha (sea-veise);1000
Piimameister Otto Koorene juust 400g viil;Juust (keskmise rasvasusega);400
Saaremaa Eesti juust 400g viil;Juust (keskmise rasvasusega);400
Tuhksuhkur 500g DAN SUKKER;Suhkur;500
Hakklihamaitseaine ürtidega 1kg;Maitseained (keskmiselt);1000
"TERE või 82,5% 200g";Või 80%;200
Astelpaju 2,5kg-18c;Astelpaju;2500
"Aura Ploominektar 1,0";Ploominektar;1000
"Metsmaasika joogijog,1,0 kile 1,5% Tere";Joogijogurt 2,5%;1000
ELDORADO Kuivatatud ploomid 200g(kivideta);Kuivatatud puuviljad;200
ELDORADO Kuivatatud aprikoosid 200g;Kuivatatud puuviljad;200
ELDORADO Pehmed datlid kivita 200g;Kuivatatud puuviljad;200
GERMUND Rosin sultan 2kg vaakum (seemneteta);Rosinad;2000
NÄKS NÄKS Kuivatatud banaanilaastud 500g;Kuivatatud puuviljad;500
SALLISELTA Tropical mix 400g;Kuivatatud puuviljad;400
SALVEST Marineeritud kurk 4,1kg(viilud);Kurk (konserveeritud);4100
RUF Küpsetuspulber 6x15g;Küpsetuspulber;90
MEIRA Vanillsuhkur 700g (pet purk);Vaniljesuhkur;700
COUNTREE Poolikud aprikoosid suhkruleemes 2,5kg;Virsikukonserv;2500
DUTA/LAPERLA/VASORIENT Ananassitükid kerges siirupis 3,050kg;Ananassi kompott;3050
PAVLIDES Virsikukuubikud suhkruleemes 3,0kg;Virsikukonserv;3000
WURZENER Maisihelbed 5kg;Maisihelbed;5000
VESKI MATI Krõbe marja müsli 2kg;Müsli;2000
VESKI MATI Väike sarveke 3kg;Makaronid;3000
SM Hakklihamaitseaine 630g (pure);Maitseained (keskmiselt);630
PÄHKLINÄPP Kuivatatud aprikoosid 500g;Kuivatatud puuviljad;500
PARAMONGA Pizzakaste 4,2kg;Ketšup;4200
Farmi joogijog.1,0 mustika vaarika väherasvane;Joogijogurt 2,5%;1000
Rosin 200g Sultana;Rosinad;200
Sooda 500g karp;Söögisooda;500
Stl.1111 04.09.17;!!!ÄRA SISESTA ANCsse!!!;1000
SUVIKÕRVITS  roheline Eesti;Suvikõrvits;1000
PIRN *Santa Maria* 1.kl.Itaalia;Pirn;1000
NUIKAPSAS ,Itaalia;Nuikapsas;1000
Stl.1139 07.09.17;!!!ÄRA SISESTA ANCsse!!!;1000
KIRSSTOMAT   250g  Holland1.kl;Tomat;250
VIINAMARI tume *Palieri*,1.kl ,Itaalia;Viinamarjad;1000
VIINAMARI *Victoria*1.kl,Itaalia;Viinamarjad;1000
PAPRIKA kollane,Hispaania 1.kl;Paprika;1000
PAPRIKA punane,Holland 1.kl;Paprika;1000
Stl.1186 13.09.17;!!!ÄRA SISESTA ANCsse!!!;1000
PIRN *Conference* 65+ 2.kl. Holland;Pirn;1000
MELISS potis, Eesti;Maitseroheline;100
Stl.1200 15.09.17;!!!ÄRA SISESTA ANCsse!!!;1000
Marjasegu(maas,tikker musts,kirss)2,5kg -18c BODEX;Marjad (külmutatud);2500
Talukurk viil 4,1kg/2,17kg Salvest;Kurk (konserveeritud);4100
GREENFIELD Rich Camomile ürditee 25x1,5g(fooliumis);Teepuru;38
HERBA Piparmünditee 20x1,5g;Teepuru;30
ISTOK Liivatee 20x1,5g;Teepuru;30
LIPTON Must tee sidrunimaitseline 20x1,7g(püramiid);Teepuru;47
LIPTON Piparmünditee 25x1,6g (fooliumis);Teepuru;40
TEEKANNE Taimetee Detox 20x1,75g;Teepuru;35
URBAN TEAGARDEN Paramaribo virsiku tee 75g;Teepuru;75
FELIX Sweet & Sour kaste ananassiga 500g;Hiina kaste;500
Doktori viiner ca1,5kg (kvaliteetstandard) Läti;Viiner;1000
Kodune hakkliha 500g Lepiku -18c;Hakkliha (sea-veise);500
Tõmmu P/S kuubik 8x8 ca1,5kg Atria;Poolsuitsuvorst;1000
Tõmmu p/s vorst VIIL ca1,5kg Atria;Poolsuitsuvorst;1000
Minu hernes 720ml (klaaspurk);Hernes (konserveeritud);720
TERE Glasuurkohuke vanilli 43g;Kohuke (keskmiselt);1000
KARUMS Glasuurkohuke šokolaadi ja šokol.tükkidega 45g;Kohuke (keskmiselt);1000
PJ Kobartomat kg;Tomat;1000
VESKI MATI Rukkijahu 1kg;Rukkijahu;1000
TERE Glasuurkohuke maasika 43g;Kohuke (keskmiselt);1000
TERE Glasuurkohuke vaarika 43g;Kohuke (keskmiselt);1000
TERE Glasuurkohuke juustukoogimaitseline 43g;Kohuke (keskmiselt);1000
TERE Glasuurkohuke vanilli multipakk 17,5% 7x43g;Kohuke (keskmiselt);7000
KARUMS Glasuurkohuke vanilli 45g;Kohuke (keskmiselt);1000
Pärm Nordic 50g;Pärm;50
Majonees PROVANSAAL 900g;Majonees 40,5%;900
Porgand,hernes 2,5kg-18c;Juurviljasegu (külmutatud, keskmiselt);2500
Stl.22 03.01.18;!!!ÄRA SISESTA ANCsse!!!;1000
ÕUN *Paulared* 65+,2.kl,Poola;Õun;1000
Stl.39 05.01.18;!!!ÄRA SISESTA ANCsse!!!;1000
HIINAKAPSAS ,Poola;Hiinakapsas;1000
Stl.95 10.01.18;!!!ÄRA SISESTA ANCsse!!!;1000
NUIKAPSAS ,Läti;Nuikapsas;1000
TOMAT PLOOM,1.kl ,Hispaania;Tomat;1000
SALAT, Frillis pk ,Eesti,1.kl;Lehtsalat;1000
Stl.113 12.01.18;!!!ÄRA SISESTA ANCsse!!!;1000
KALEV Merekivid rosin suhkrus 200g;Kommid;200
VANAEMA KÖÖK Veisemaksa strogonov 1kg(külmut.);Maks (veise);1000
VITALIA Krõbe müsli troopiliste puuviljadega 375g;Müsli;375
PJ Õun Chempion kg;Õun;1000
PJ Õun Jonagold kg;Õun;1000
Lõhefilee B-trim 1,8+kg. Norra/real: 17.01.18...0*C-+2*C/EE T10 EÜ;Lõhe/forell;1000
Sea abatükk külm.SLPT;Sealiha (keskmiselt);1000
Puhastatud küüslaauk;Küüslauk;1000
"Br.kintsuliha nahaga 2,5kgx4 PL -18c;Broilerifilee;1000
Nisuhelbed 3kg VM;Nisuhelbed;3000
Minu Ploomikompott pool 720 ml;Kompott;720
7-vilja helveste segu 500g;Seitsmeviljahelbed;500
BALTIX Hirss 1kg;Hirsitangud;1000
VESKI MATI Odrahelbed 3kg;Odrahelbed;3000
VESKI MATI Odrahelbed 500g;Odrahelbed;500
BALTIX 7-viljahelbed linaseemnetega 500g;Seitsmeviljahelbed;500
RANNAROOTSI s/k Kodune maasuitsusink kg(ca 1kg);Suitsusink (sealihast);1000
TARTU MILL Filini piccoli 100% durum 500g(niitnuudlid);Makaronid;500
TARTU MILL Tähestiku pasta 100% durum 500g;Makaronid;500
TAPROBAN Peen toidusool Ekstra 1kg;Sool;1000
HALJAS Hernes 1kg(kollane,lihvitud);Hernes (kuivatatud);1000
Lõhefilee C-trim n-ga Norra/real: 24.01.2018 ...0*C- + 4*C/EE T10;Lõhe/forell;1000
Odrahelbed 500gx12;Odrahelbed;500
ALMA hapukoor 20% 1kg kile;Hapukoor 20%;1000
Hollandi juust 900g viil Horeca(4TK);Juust (keskmise rasvasusega);900
Viru keedusink viil ca1,5kg map RLK;Sink (sea, keedu);1000
VM Maisitangud 500g;Maisimanna;500
Adugs küpsis Sakta 3kg;Küpsis;3000
"Odrajahu 1,5kg Veski Mati";Odrajahu;1500
Riivjuust 1kg Estover;Juust (keskmise rasvasusega);1000
Sea küljetükk taine poolik,vaakum Nõo jah.;Sealiha (keskmiselt);1000
"Gef.Mustika hapupiimajook 1,0PP 2,5%Alma";Haps;1000
Ananassiviilud 3000g/1600g Vita Gold;Ananassi kompott;3000
DUE FAGIANI Purustatud tomatid 2,5kg;Tomat;2500
SM Persillade 720g(pure);Maitseained (keskmiselt);720
LOYD Roheline tee apelsin-mandariin 20x1,7g(püramiid);Teepuru;34
TEEKANNE Ingveri-sidruni tee 20x1,75g;Teepuru;35
VICTORIA Valged oad vees 2,5kg(plekkpurk);Oakonserv;2500
RAKVERE Frikadellid 400g(külmut.);Frikadellid;400
PJ Murulauk potis Grüne Fee;Maitseroheline;100
STELLA MARIS Sprotipasteet 240g;Kalakonserv (sardiinid õlis);240
DELICACY Ananassitükid omas mahlas 3,035kg;Ananass;3035
TERRA DELYSSA Ekstra neitsioliiviõli sidruniga 250ml(mahe);Toiduõli;250
LUKAS Küpsised rosinatega Happy 2,3kg;Küpsis;2300
BEPCO B3 kast(tagastatav);!!!ÄRA SISESTA ANCsse!!!;1000
TERE Keefir 2,5% 1kg(kile);Keefir 2,5%;1000
TAPROBAN Söögisool jäme 1kg(kilepakk);Sool;1000
LEIBUR Kuldne Klassikaline röstsai 500g;Mitmeviljaröst;500
LEHTSALA Lahja mahedamaitseline majonees 18% 500g(kile);Majonees 40,5%;500
LEIBUR Saib 370g;SAIB;370
RANNAROOTSI s/k Rullsink kg;Sink (sea, keedu);1000
ESTOVER Pagari maitsestamata kohupiim 8% 5kg;Kohupiimakreem 7%;5000
KARNI Soolapeekon kg (ca 500g) v/p;Sealiha (keskmiselt);1000
NÕO Soolapeekon kg;Sealiha (keskmiselt);1000
LEHTSALA Lahja mahedamaitseline majonees 18% 500g;Majonees 40,5%;500
"Heeringafilee maits. 3,0 Kõrveküla;Heeringas (soolatud);3000
"Merevaik kukeseentega 18,5% 0,2 TPT";Sulatatud juust (keskmise rasvasusega);200
"Merevaik krevettidega 18,5% 200g";Sulatatud juust (keskmise rasvasusega);200
KALEV Šokolaadimedal 15g;Šokolaadimedal;15
VANAEMA KÖÖK Sealiha guljašš 1kg(külmut.);Sealiha (keskmiselt);1000
KROON Salatikurk tükeldatud 2,3kg (pet);Kurk (konserveeritud);2300
OTEPÄÄ LIHATÖÖSTUS Talu sink kg;Sink (sea, keedu);1000
MARJAMAA Pohlad 400g;Marjad (külmutatud);400
FROZANA Kevade köögiviljad 400g;Juurviljasegu (külmutatud, keskmiselt);400
E-PIIM Eesti või 82% 250g;Või 80%;250
Stl.146 16.01.18;!!!ÄRA SISESTA ANCsse!!!;1000
Stl.169 18.01.18;!!!ÄRA SISESTA ANCsse!!!;1000
Stl.211 22.01.18;!!!ÄRA SISESTA ANCsse!!!;1000
KIRSS-KOBARTOMAT 500g Maroko 1,kl;Tomat;500
Stl.245 25.01.18;!!!ÄRA SISESTA ANCsse!!!;1000
Stl.275 29.01.18;!!!ÄRA SISESTA ANCsse!!!;1000
LILLKAPSAS,Prantsusmaa;Lillkapsas;1000
Brokkoli , Hispaania;Brokkoli (külmutatud);1000
REDIS punane 1,0,Holland;Redis;1000
ÕIGE MUST vormileib 700gx9 viil;Leib (keskmiselt);1000
KALEV Vahvlikompvekid Ananassi 1kg;Kommid;1000
PJ Pirn Lucas kg;Pirn;1000
FELIX Remulaad salatikaste aedviljadega 30% 3kg(ämber);Majonees 40,5%;3000
FARMI Kilekast;!!!ÄRA SISESTA ANCsse!!!;1000
PUNANE SõSTAR PET;Mahlakonsentraat (keskmiselt);2000
JõHVIKAS PET;Mahlakonsentraat (keskmiselt);2000
VAARIKAS-PIPARMüNT PET;Mahlakonsentraat (keskmiselt);2000
MAASIKAS hibiskusega;Mahlakonsentraat (keskmiselt);2000
APRIKOOSImoos *;Moos (keskmiselt);3200
MAASIKA-KIRSImoos;Moos (keskmiselt);3200
Külmutatud MAASIKAD 2,5 kg pakk;Marjad (külmutatud);2500
KULDNE  täisterasepik 500g Leibur 7tk;Sepik;1000
ALMA joogijog.mango 900g;Joogijogurt 2,5%;900
Rohel.hernes Härmavili 400g-18c 20tk;Juurviljasegu (külmutatud, keskmiselt);400
PJ Hapukapsas porgandiga kg (~5kg);Hapukapsas;5000
LORADO Ananassitükid kerges siirupis 3,035kg(plekkpurk);Ananassi kompott;3035
NÕO Suitsutatud esikoot kg;Suitsusink (sealihast);1000
VESKI MATI Riisihelbed 4kg;Riisihelbed;4000
VALIO Hollandi leibjuust 27% 500g(viilud;laktoosivaba);Juust (keskmise rasvasusega);500
KATI Söögisool jäme 1kg;Sool;1000
Lõhefilee C-trim 0,9+kg n-ga Norra/real: 21.02.2018 ...0*C- + 4*C/EE T10;Lõhe/forell;1000
MEREVAIK Sulatatud juust 19% 370g (laktoosivaba);Sulatatud juust (keskmise rasvasusega);370
PJ Peakapsas kg;Valge peakapsas;1000
ABC Õuna-virsikunektar 1l;Aprikoosimehu;1000
TARTU MILL Kaerahelbed 500g;Kaerahelbed;500
Seakaelakarbonaad  külm. PL;Sealiha (keskmiselt);1000
ALMA Ploomi joogijog.1.5% 1kg kilep.;Joogijogurt 2,5%;1000
Hernes lihvitud kollane 1kg;Hernes (kuivatatud);1000
"Odrakruup 1,0 Tartu Mill";Odrakruup;1000
K/S seakoot SLPT;Suitsusink (sealihast);1000
Spordimüsli 2kg;Müsli;2000
VESKI MATI 8-viljahelbed kliidega 500g;Kaheksaviljahelbed;500
VESKI MATI Nisuhelbed 3kg;Nisuhelbed;3000
NORDIC Nisuhelbed 600g;Nisuhelbed;600
EESTI SAI Juusturullid 10x70g(külmut.);Juusturull;700
Stl.313 01.02.18;!!!ÄRA SISESTA ANCsse!!!;1000
ÕUN Golden 1kl.Ungari;Õun;1000
Stl.365 06.02.18;!!!ÄRA SISESTA ANCsse!!!;1000
ÕUN  *Braeburn * 90/+Saksamaa .1.kl;Õun;1000
Stl.390 08.02.18;!!!ÄRA SISESTA ANCsse!!!;1000
Stl.430 12.02.18;!!!ÄRA SISESTA ANCsse!!!;1000
Maits.mahe grillvorst ca1,5kg MM;Poolsuitsuvorst;1000
Kuiv. Aprikoos 500g;Aprikoos;500
Kuiv.jõhvikad 200g;Jõhvikas;200
Kuivpärm 12gx2 Nordic Yeast;Pärm;24
Must ploom kuiv.500g;Kuivatatud puuviljad;500
Farmi jogurt maasika 150g;Topsijogurt;1000
KIKAS Broileri fileepall kg;Kananagitsad;1000
Aprikoos 200g kuiv. GAR2;Aprikoos;200
VALIO Hollandi leibjuust 27% 500g(viilud;laktoosivaba);Juust (keskmise rasvasusega);500
P.CORICELLI Ekstra neitsioliiviõli 500ml;Toiduõli;500
VICI Lõhemass 1kg(külmut.);Lõhe/forell;1000
LINNU TALU Kanamunad 10tk.L;Muna;10000
SM Kalamaitseaine tilliga 490g (pure);Maitseained (keskmiselt);490
MAGGI Universaalne maitseaine 75g;Maitseained (keskmiselt);75
VALIO plastkast;!!!ÄRA SISESTA ANCsse!!!;1000
Stl.511 19.02.18;!!!ÄRA SISESTA ANCsse!!!;1000
ÕUN  *Paulared* 65+ ,Poola 1.kl;Õun;1000
Stl.537 21.02.18;!!!ÄRA SISESTA ANCsse!!!;1000
MUGULSIBUL punane, Holland;Sibul;1000
Stl.581 26.02.18;!!!ÄRA SISESTA ANCsse!!!;1000
Stl.604 28.02.18;!!!ÄRA SISESTA ANCsse!!!;1000
PEET  kooritud keedetud 3kg,Sagro;Punane peet;3000
COPPENRATH & WIESE Tort Black & White 1,550kg(külmut.);Tort;1550
KALEV Klassikalised küpsised 1kg(kaalu);Küpsis;1000
FOOD INDEX Kirsikompott kivideta 4,2kg(klaas);Kompott;4200
SM Küpsetuspulber 700g (pure);Küpsetuspulber;700
SALVEST Kõrvitsasalat 3,1kg;Kõrvits (marineeritud);3100
VESKI MATI Täistera riivleib 350g;Riivleib;350
OHO Hommikusöök nisu meega 500g;Teraviljahelbed;500
BEPCO B2 plastkast;!!!ÄRA SISESTA ANCsse!!!;1000
FAZER plastkast;!!!ÄRA SISESTA ANCsse!!!;1000
Lõhefilee C-trim 0,9+kg n-ga Norra/real: 14.03.2018 ...0*C- + 4*C/EE T10;Lõhe/forell;1000
Rosin 200g;Rosinad;200
ALMA Rõõsk koor 10% 1l(pure);Vahukoor 35%;1000
SAFIR Broileri kintsuliha kg(külmut.);Broilerifilee;1000
LEIBUR Köögiviljaröst 350g;Mitmeviljaröst;350
KROON Salatikurk 2,3kg(viilutatud) (pet);Kurk (konserveeritud);2300
FAZER Finest tatrasepik 300g;Sepik;1000
MONTEY Tuunikala tükid õlis 1kg(vaakum);Tuunikala;1000
STRAUBINGER Marineeritud peediviilud 4kg;Punane peet;4000
ALMA Vaarika-kirsi joogijogurt 1,5% 1kg(kiles);Joogijogurt 2,5%;1000
Sea kaelakarbonaad kg(külmut.Hispaania);Sealiha (keskmiselt);1000
SLOWIANKA ARLETKI Küpsised moosiga 1,4 kg;Küpsis;1400
VALIO Sulatatud juust Kaval Ants 370g;Sulatatud juust (keskmise rasvasusega);370
Must pipar jahvatatud 800g;Maitseained (keskmiselt);800
Tomatikkuubikud 2,5-18c;Tomat;2500
Lõhesabad n.-ta 15kg. Norra/real.31.03.2019...-18*C;Lõhe/forell;1000
Stl.672 06.03.18;!!!ÄRA SISESTA ANCsse!!!;1000
Stl.695 07.03.18;!!!ÄRA SISESTA ANCsse!!!;1000
Stl.753 12.03.18;!!!ÄRA SISESTA ANCsse!!!;1000
Stl.784 14.03.18;!!!ÄRA SISESTA ANCsse!!!;1000
DÄRIO/LAPERLA Troopiline puuviljakokteil kerges siirupis 3kg;Kompott;3000
LAIMA  Vaniljemaitselised vahvlid 3kg;Vahvel;3000
START Šokolaadimüsli banaanide ja meega 330g;Müsli;330
START Šokolaadimüsli meega 375g;Müsli;375
START Puuviljamüsli meega 375g;Müsli;375
VESKI MATI Riisijahu 1kg;Riisijahu;1000
Farmi jogurt virsiku 150g;Topsijogurt;1000
Maasikad 1kg Culti -18c;Marjad (külmutatud);1000
"Merevaik kukeseentega 18,5% 0,2 TPT"(12tk);Sulatatud juust (keskmise rasvasusega);200
PÕLTSAMAA Aprikoosimoos 3kg;Moos (keskmiselt);3000
PÕLTSAMAA Vaarikamoos 5,7kg;Moos (keskmiselt);5700
SOIGNON Toorjuust kitsepiimast 150g(määrdejuust);Sulatatud juust (keskmise rasvasusega);150
SYNNOVE Mascarpone kreemjuust 500g;Toorjuust (maitsestamata);500
LEIBUR Röst mitmevilja 470g(viil);Mitmeviljaröst;470
ABBA Caviar must merivarblasemari 80g;Kalakonserv (sardiinid õlis);80
ABBA Caviar punane merivarblasemari 80g;Kalakonserv (sardiinid õlis);80
PJ Tüümian potis Grüne Fee;Maitseroheline;100
MARMITON Marmelaad Kuubikud 150g;Kommid;150
KALEV Küpsetusšokolaad valge 200g;Kommid;200
MARKOMILK Kondenspiim suhkruga 1kg;Kondentspiim;1000
LORADO Poolikud virsikud kerges siirupis 820g;Kompott;820
FOXI Hommikusöögihelbed Kolm sõpra 500g;Teraviljahelbed;500
EESTI PAGAR Kanepiseemne leib rukkiteradega 500g;Teraleib;500
KRISKAL Meremari must 113g;Kalakonserv (sardiinid õlis);113
VICI Krevetid soolvees 100/200g;Krevetid (külmutatud);200
LACTIMA Sulatatud juustu portsjonite mix (4 maitset) 140g;Sulatatud juust (keskmise rasvasusega);140
Stl.831 19.03.18;!!!ÄRA SISESTA ANCsse!!!;1000
Stl.876 22.03.18;!!!ÄRA SISESTA ANCsse!!!;1000
BANAAN,Ecuador;Banaan;1000
NUIKAPSAS ,Hispaania;Nuikapsas;1000
Stl.939 27.03.18;!!!ÄRA SISESTA ANCsse!!!;1000
KAPSAS PUNANE Eesti;Punane Peakapsas;1000
PETERSELL potis, Eesti;Maitseroheline;100
PJ Kurk pikk kiles kg;Kurk;1000
ARDO Mais 2,5kg;Mais (konserveeritud);2500
ARDO Porgandikuubikud (10x10x10) 2,5kg;Porgand;2500
ARDO Suhkruherned 2,5kg;Hernes (külmutatud);2500
LORETO Mustad kivideta oliivid 340g;Oliivid (mustad konserveeritud);340
DITTMANN Mustad oliivid kuivmarinaadis 230g(klaas);Oliivid (mustad konserveeritud);230
DITTMANN Rohelised kivideta oliivid kuivmarin. ürtidega 170g;Oliivid (mustad konserveeritud);170
FROZANA Kirsid kivideta 2,5kg;Kirss;2500
PJ Lehtpetersell pakitud kg;Maitseroheline;1000
PJ Salat Frillice kiles Grüne Fee;Lehtsalat;100
EESTI PAGAR Pagariröst täistera 430g;Mitmeviljaröst;430
LEIBUR plastkast;!!!ÄRA SISESTA ANCsse!!!;1000
RANNAMÕISA Broilerimaks kg;Broilerifilee;1000
MAŠA JA MEDVED Banaani-maasikanektar 2dl;Aprikoosimehu;200
MAŠA JA MEDVED Virsiku-õunanektar 2dl;Aprikoosimehu;200
VÄIKE VÄÄNIK Präänik mee 250g;Präänik;250
LEPIKU Kodune hakkliha 1kg;Hakkliha (sea-veise);1000
E-PIIM Eesti riivjuust 23% 2kg;Juust (keskmise rasvasusega);2000
OHO Hommikusöök riis šokolaadiga 500g;Teraviljahelbed;500
KRISKAL Meremari punane 113g;Kalakonserv (sardiinid õlis);113
LORADO Poolikud virsikud kerges siirupis 2,5kg;Virsikukonserv;2500
ELDORADO Mustad kivideta oliivid 230g;Oliivid (mustad konserveeritud);230
AMALTHIA Kreeka rohelised kivideta oliivid 350g;Oliivid (mustad konserveeritud);350
FILOS Kreeka rohelised kivideta oliivid 200g(mahetoode);Oliivid (mustad konserveeritud);200
POLSKI CUKIER Suhkur 1kg;Suhkur;1000
"Merevaik nat.18,5% 200g" (12tk);Sulatatud juust (keskmise rasvasusega);200
Alma Kodujuust 4%  5kg  ämber;Kodujuust 4%;5000
"Kalev klassikalised küpsised 1,0kg";Küpsis;1000
Oliivid roh.kivita 300/110g ES;Oliivid (mustad konserveeritud);300
Sibul röstitud 300g;Sibul;300
Terve Vaarikas 95/5 Extra 2,5kg x 4 (marjaveski);Marjad (külmutatud);2500
Stl.1036 04.04.18;!!!ÄRA SISESTA ANCsse!!!;1000
Stl.1105 09.04.18;!!!ÄRA SISESTA ANCsse!!!;1000
ÕUN Golden 70+ 1kl.Saksamaa;Õun;1000
Stl.1119 10.04.18;!!!ÄRA SISESTA ANCsse!!!;1000
MAASIKAS ,Hispaania;Maasikas;1000
SALAT, Frillis 80.g pk ,Eesti,1.kl;Lehtsalat;80
ROSMARIIN karp 50g Itaalia;Maitseroheline;50
Stl.1151 12.04.18;!!!ÄRA SISESTA ANCsse!!!;1000
PIRN *Conference" 55+, 1.kl ,Holland;Pirn;1000
Köögi toorjuust 400g Farmi;Toorjuust (maitsestamata);400
Atleet riivjuust 1kg;Juust (keskmise rasvasusega);1000
LINNU TALU Kanamunad 10tk. M;Muna;10000
VR.Tallinna kilufileed 100g;Vürtsikilu;100
Maisimanna 900g Haljas;Maisimanna;900
SALLISELTA Kaneel jahvatatud 350g(plastpurk);Kaneel;350
SALLISELTA Vanillisuhkur 500g(plastpurk);Vaniljesuhkur;500
PJ Peakapsas varajane kg;Valge peakapsas;1000
KATI Kaerahelbed 500g (jämedad);Kaerahelbed;500
PJ Sibul roheline kile kg;Roheline sibul;1000
FROZANA Paprika lõigud 2,5kg(3 värvi);Paprika;2500
Jõhvikas 2,5kg-18c;Marjad (külmutatud);2500
Valged oad 2500/1500g Itaalia;Oakonserv;2500
Pasta durum Filini 500g TM (niitnuudel);Makaronid;500
Itaalia salatikaste 375g Felix;Maitseained (keskmiselt);375
"TERE Kodujuust 4% 5,0 ämbris";Kodujuust 4%;5000
ALMA hapendatud täispiim 3,8-4,2% 1kg;Hapupiim 2,5%;1000
"Põltsamaa õunamahl 1,0l";Õunamahl;1000
"Sibulakuubik 6x6mm 2,5kg külm.NL";Sibul;2500
Suitsu koot Nõo;Searibi;1000
Stl.1208 16.04.18;!!!ÄRA SISESTA ANCsse!!!;1000
KURK kiles,Luunja/Sagro;Kurk;1000
Stl.1220 17.04.18;!!!ÄRA SISESTA ANCsse!!!;1000
ÕUN  *Paulared* 65+ ,Poola 2.kl;Õun;1000
Stl.1252 19.04.18;!!!ÄRA SISESTA ANCsse!!!;1000
Stl.1297 23.04.18;!!!ÄRA SISESTA ANCsse!!!;1000
KAPSAS varajane,Albaania;Valge peakapsas;1000
Stl.1353 27.04.18;!!!ÄRA SISESTA ANCsse!!!;1000
TARTU MILL Täistera fusilli 100% durum 5kg(spiraalid);Makaronid;5000
RAKVERE Saiakate 300g;Maksapasteet;300
WIIKMANI Maasuitsu peekon kg;Suitsusink (sealihast);1000
KAROL Suitsutatud,aurut.peekon kondita kg(viil,ca 1-1,5kg);Suitsusink (sealihast);1000
VESKI MATI Pudruriis 1kg;Riis;1000
FOOD INDEX Rohelised herned 690g(klaas);Hernes (konserveeritud);690
Makaron durum täistera Fussilli 500g Tartu Mill;Makaronid;500
Rehe rukkileib viilutatud 600g EP;Leib (keskmiselt);600
ALMA Virsiku-aprikoosi-vaarika jogurt 2% 125g;Topsijogurt;1000
SALVEST Salatikurk 520g;Kurk (konserveeritud);520
VALEZS Kaneel 500g(jahvatatud);Kaneel;500
VALEZS Vanilliinsuhkur 500g;Vaniljesuhkur;500
ALMA Metsmaasika-vanilli jogurt 2% 125g;Topsijogurt;1000
EESTI PAGAR Must Jassi seemneleib 650g;Leib (seemne);650
Põldmari (kultuur ) 2,5kg x 4 (marjaveski);Marjad (külmutatud);2500
Lõhe hakkliha 1kgx12 külm.;Lõhe/forell;1000
ALMA Keefir täispiimast 3,8-4,2% 1kg(pure);Keefir 2,5%;1000
VEGONTABLE Virsikukuubikud suhkruleemes 3,06kg;Virsikukonserv;3060
Stl.1485 07.05.18;!!!ÄRA SISESTA ANCsse!!!;1000
Stl.1539 10.05.18;!!!ÄRA SISESTA ANCsse!!!;1000
PIRN *Conference" 65+, 1.kl ,Holland;Pirn;1000
Stl.1605 14.05.18;!!!ÄRA SISESTA ANCsse!!!;1000
KAPSAS varajane,Makedoonia;Valge peakapsas;1000
KURK  kileta,Eesti;Kurk;1000
Rabarber;Rabarber;1000
Pärnu rukkileib vorm 600g Eesti Leib 4/8tk;Leib (keskmiselt);600
PÜÜ peenleib vorm 600g  Eesti Leib 4/8tk;Leib (keskmiselt);600
Suitsuvorsti kuubik kg Oskar;Poolsuitsuvorst;1000
Farmi kiivimaitseline tarretis 150g;Topsijogurt;1000
FROZANA Porgandiribad 2,5kg;Porgand;2500
ARDO Sibulakuubikud(10x10x10) 2,5kg;Sibul;2500
Frikadellid 2kg;Frikadellid;2000
VALIO Gefilus ananassi-astelpaju jogurt 125g(laktoosivaba);Topsijogurt;1000
VALIO Gefilus vaarika-mustsõstra jogurt 125g(laktoosivaba);Topsijogurt;1000
Tatar 7kg VM;Tatratangud;7000
VAARIKAS-MUSTIKAS PET;Mahlakonsentraat (keskmiselt);2000
MITME MARJA;Mahlakonsentraat (keskmiselt);2000
Viru keedusink viil ca1,2kg map RLK;Sink (sea, keedu);1000
Kohupiima-puuviljatort 2,0kg;Tort;2000
PÕLTSAMAA Õhuke viilukurk 455g;Kurk (konserveeritud);455
TARTU MILL Penne 100% durum 5kg;Makaronid;5000
BALTIX Odrakruup 1kg;Odrakruup;1000
Alma Jog.metsmaas.-vanilli 125g;Topsijogurt;1000
Stl.1726 22.05.18;!!!ÄRA SISESTA ANCsse!!!;1000
PAPRIKA punane,Hispaania 1.kl;Paprika;1000
PAPRIKA kollane,Holland 1.kl;Paprika;1000
Stl.1755 23.05.18;!!!ÄRA SISESTA ANCsse!!!;1000
PIRN *Conference*45+ 2.kl.Holland;Pirn;1000
Stl.1820 28.05.18;!!!ÄRA SISESTA ANCsse!!!;1000
ÕUN Golden 70+ 1kl.Poola;Õun;1000
Stl.1861 30.05.18;!!!ÄRA SISESTA ANCsse!!!;1000
BANAAN,Kolumbia;Banaan;1000
KAPSAS varajane,Poola;Valge peakapsas;1000
"Suur Sarveke 3,0 VM";Makaronid;3000
"Väike Penne 3,0 VeskiMati";Makaronid;3000
Kodukakk sepik  350g Eesti Leib 4/8 tk;Sepik;1000
TARTU MILL Puntine 100% durum 500g(riispasta);Makaronid;500
SEALIGHT Pangasiuse filee 170-220g, 800g (külmut);Kalafilee (keskmiselt);800
Neljaviljahelbed 500g  Haljas;Neljaviljahelbed;500
Riisihelbed 500g Haljas;Riisihelbed;500
Määrdepasteet 150g SLT;Maksapasteet;150
Saaremaa Eesti juust 400g viil (8TK);Juust (keskmise rasvasusega);400
EESTI SAI Lihapirukad 10x70g(külmut.);Saiake;10000
Lõhelõiked n.-ta, kondita 2*2,5kg. Norra/real: 30.11.2019 ...-18*C;Lõhe/forell;1000
FARMI Köögi toorjuust 30% 1kg;Toorjuust (maitsestamata);1000
VESKI MATI Riisihelbed 500g;Riisihelbed;500
Stl.2073 13.06.18;!!!ÄRA SISESTA ANCsse!!!;1000
MAKS&MOORITS Lastevorst kg(viil,MAP ca 1,5kg);Vorst keedu (keskmiselt);1000
MAKS&MOORITS Pühajärve sink 300g(viil);Sink (sea, keedu);300
MAKS&MOORITS Sinkvorst 300g(viil);Sink (sea, keedu);300
ABC Õuna-viinamarjanektar 1l;Õunamahl;1000
Ruks (pool)viil 380g 12/6 Leibur;Leib (keskmiselt);1000
Kodune sepik viil 360g 8/4 Leibur;Sepik;1000
Porgand;Porgand;1000
Riis aurutatud (sõmer) 1kg Tartu Mill;Riis;1000
"Vanillipuding 0,25 TPT";Puding;250
Sea hernesupi komp. külm.SLT;Searibi;1000
"Seljafilee suits.1,6kg VIIL Nõo";Sink (sea, keedu);1000
"Põltsamaa multimahlajook 1,0l";Aprikoosimehu;1000
Kirde sai viil 300g 8 Leibur;Sai (keskmiselt);1000
Lastevorst viil ca1,3 kg map RLK;Vorst keedu (keskmiselt);1000
Mintai filee n-ta 1kg/10kg Hiina;Kalafilee (keskmiselt);1000
"Kurgisalat(mix) 3,2kg Felix";Kurk (konserveeritud);3200
Seakaelakarbonaad  külm. PL/IE;Sealiha (keskmiselt);1000
Stl.2162 20.06.18;!!!ÄRA SISESTA ANCsse!!!;1000
KIRSS-KOBARTOMAT 500g Tuneesia 1,kl;Tomat;500
Maasikamoos  3kg Maldivar;Moos (keskmiselt);3000
Maasika-mustikamoos  3kg  Maldivar;Moos (keskmiselt);3000
Pohlamoos  3kg  Maldivar;Moos (keskmiselt);3000
Vaarikamoos  3kg Maldivar;Moos (keskmiselt);3000
Saare koorene kohuke KAKAO 40g(20tk);Kohuke (keskmiselt);1000
Kaerahelbed jämedad   3kg  VM;Kaerahelbed;3000
Kaerahelbed  500g;Kaerahelbed;500
Alma koh.kreem vanilli 300g toru;Emma kohupiimakreem;300
JEPPI kohuke vaarika 38g;Kohuke (keskmiselt);1000
Valge Sibulakuup 10x10mm 1 kg  (Marjaveski);Sibul;1000
ALMA Hapukoor 20% 500g kilep.;Hapukoor 20%;500
Keedusingi kuubikud;Sink (sea, keedu);1000
"Farmi Koorene koh.kreem vaarika 150g 5,1";Kohupiimatops(keskmiselt);1000
Makaron Sarveke 500gx12 Melissa;Makaronid;500
"Kohup.kreem vanilli 5,0 Farmi";Emma kohupiimakreem;5000
Maasikamoos 3kg Maldivar;Moos (keskmiselt);3000
Aura jõhvikajook 1l;Mahlakonsentraat (keskmiselt);1000
Salvest Salatiporgand 530g;Porgand;530
ALMA Eesti või 82% 250g;Või 80%;250
Vaarikamoos 3kg Maldivar;Moos (keskmiselt);3000
"Mar.kurgid 75/80 9,7/5,6 Saksa";Kurk (konserveeritud);5600
Kaneel jahvatatud 700g;Kaneel;700
"VeiseLIHAST strogonov Karjamõisa -18c;Veiseliha (keskmiselt);1000
VÄIKE VÄÄNIK Rahvapräänik 500g;Präänik;500
TARTU MILL Riisihelbed 500g;Riisihelbed;500
GRANORO Väike sarveke 500g;Makaronid;500
VILKO Purustatud tuunikala tomatikastmes 185g;Tuunikala;185
VESKI MATI Röstitud kaerahelbed 3kg(jämedad);Kaerahelbed;3000
KATI Tatar 1kg;Tatratangud;1000
MEIE HEAKS Söögiäädikas 30% 0,5l(plastpudel);Äädikas;500
VALEZS Sidrunhape 500g;Maitseained (keskmiselt);500
Kõrvitsasalat 560g Salvest;Kõrvits (marineeritud);560
Kaerahelbed 500g;Kaerahelbed;500
Stl.2946 30.08.18;!!!ÄRA SISESTA ANCsse!!!;1000
KURK  kileta, Eesti;Kurk;1000
ÕUN  *Piros* 65+ ,Poola 2.kl;Pirn;1000
AMPSIKU pasteet 200g Nõo;Maksapasteet;200
Delikatessmaksapasteet 200g Nõo;Maksapasteet;200
PJ Õun Piros kg;Õun;1000
SM Viie pipra segu 190g(keskm.plastpurk);Maitseained (keskmiselt);190
SAAREMAA Saare Leet juust 500g(viilud);Juust (keskmise rasvasusega);500
K/s Sikassaare viil 150g TORN;Sink (sea, keedu);150
"Br.kints s-ta /ca1,0kg/ HU -18c 10kg;Broilerifilee;1000
"Kodujuust hapuk.ga /5,0/ 5% Farmi";Kodujuust 4%;5000
Kirsi-õuna-aroonia mahlajook 2l Põltsamaa;Mahlakonsentraat (keskmiselt);2000
Mustsõstra-õuna-kirsi mahlajook 2l Maldivar;Mahlakonsentraat (keskmiselt);2000
Broileri kintsuliha 1kg(külmut.);Broilerifilee;1000
Lõhesabad n.-ta 15kg. Norra/real.31.12.2019...-18*C;Lõhe/forell;1000
Suits.esikoot FK;Suitsusink (sealihast);1000
Odrakruup 1,0 Tartu Mill;Odrakruup;1000
PJ Peakapsas punane kg;Punane Peakapsas;1000
QUICKLEMON Sidrunimahl 99,96% 280ml;Mahlakonsentraat (keskmiselt);280
OERLEMANS Tomatikuubikud 10x10mm 2,5kg;Tomat;2500
SELGA Šokolaadiküpsised 5kg;Küpsis;5000
Tiina rummimaits.marm.kompvek 2kg/pk;Kommid;2000
Kalev 7 lemmikut kaalu 1kg/pk(segakomm);Kommid;1000
Stl.3006 03.09.18;!!!ÄRA SISESTA ANCsse!!!;1000
PIRN *Clapsa* 1.kl.Holland;Pirn;1000
ÕUN  *Geneva* 65+ ,Poola 2.kl;Õun;1000
Stl.3069 06.09.18;!!!ÄRA SISESTA ANCsse!!!;1000
Stl.3165 12.09.18;!!!ÄRA SISESTA ANCsse!!!;1000
GULOSO Tomatipüree 3kg(kotis);Tomatipasta 20%;3000
TARTU MILL Fusilli 100% durum 1kg;Makaronid;1000
Vaarikad 95/5 klass A 2,5kg-18c PL;Marjad (külmutatud);2500
Rukkileib seemnetega 450gx6 Leibur;Teraleib;1000
Loorberileht 100g;Loorber;100
Meresool 1kg;Sool;1000
Odrahelbed 500gx10;Odrahelbed;500
Ananassitükid 3050g/1840g;Ananassi kompott;3050
Tomatipasta 28-30% 3000g;Tomatipasta 20%;3000
Maksapasteet 200g toru Nõo;Maksapasteet;200
KIRSImoos *;Moos (keskmiselt);3200
KODUMARJA moos*;Moos (keskmiselt);3200
KIRSIlisand jogurtile 2l;Moos (keskmiselt);2000
Aura ananassinektar 1l;Mahlakonsentraat (keskmiselt);1000
"Br.kintsuliha n-ta 1,0x10 PL külm";Broilerifilee;1000
VESKI MATI Maisitang 500g;Maisimanna;500
KOMMI ASEMEL Seesamiseemned 1kg;Seemned (keskmiselt);1000
SALLISELTA Seesamiseemned 400g;Seemned (keskmiselt);400
NORDZUCKER Pruun suhkur 1kg;Suhkur;1000
TARTU MILL Täistera kaerahelbed jämedad 500g;Kaerahelbed;500
VESKI MATI Hernes 1kg (kollane,lihvitud);Hernes (kuivatatud);1000
VESKI MATI Täistera leivajahu köömnetega 1kg;Rukkijahu;1000
P.CORICELLI Pomace oliivijääkõli 500ml;Toiduõli;500
GRANORO Durumnisujahu 1kg;Nisujahu;1000
TALLEGG Broilerikintsud kg(külmut.);Broilerifilee;1000
Stl.3293 20.09.18;!!!ÄRA SISESTA ANCsse!!!;1000
Stl.3375 25.09.18;!!!ÄRA SISESTA ANCsse!!!;1000
Stl.3411 27.09.18;!!!ÄRA SISESTA ANCsse!!!;1000
PIRN *Conference* 60/70 2.kl. Belgia;Pirn;1000
Talukurk viil 4,1kg/2,2kg Salvest;Kurk (konserveeritud);4100
KALEV Marmelaadikompvekid Tiina rummimaitselised 1kg;Kommid;1000
FAZER Suur Kodusai 500g;Sai (keskmiselt);1000
VESKI MATI Kuivpärm 11g;Pärm;11
MAA KODU Rootsi salat 2,5kg;Aedviljasalat;2500
SALVEST Maitselt mahe kurk 1,6kg;Kurk (konserveeritud);1600
Kodupihv jahut.;Kanapihvid;1000
Lõheliha lõigud(lusikaliha) vaak. -18c;Lõhe/forell;1000
Kõrvits;Kõrvits;1000
Teokarbi makaron 500g Pastaz;Makaronid;500
KALEV EV100 Pralineekompvekid Estonia 500g;Kommid;500
PODRAVKA Vegeta 250g;Maitseained (keskmiselt);250
"Sibulakuubik 4x 2,5kg 10mm külm.;Sibul;2500
Alma Kodujuust 4% 5kg ämber;Kodujuust 4%;5000
"Seesamiseemned 1,0 AK";Seemned (keskmiselt);1000
HELEN Riisihelbed 500g;Riisihelbed;500
ARDO Porgandi-lillkapsa-brokoli segu 2,5kg;Juurviljasegu (külmutatud, keskmiselt);2500
ARDO Türgi uba tükeldatud 2,5kg;Aedviljasalat;2500
FROZANA Brokoli mix  2,5kg;Brokkoli (külmutatud);2500
FROZANA Juurvilja supisegu 2,5kg;Juurviljasegu (külmutatud, keskmiselt);2500
TARTU MILL Cornetti 100% durum 5kg(sarveke);Makaronid;5000
RAKVERE Lastevorst kg(horeca,viilutatud MAP);Vorst keedu (keskmiselt);1000
FOOD INDEX Ploomikompott 680g(klaas);Kompott;680
SAGA Puuviljatee sidruni ja piparmündiga 20x1,7g;Teepuru;34
Külm.seal.guljass I sort 75/25 2.0 Talik;Sealiha (keskmiselt);1000
Stl.3599 09.10.18;!!!ÄRA SISESTA ANCsse!!!;1000
KAPSAS , Eesti;Valge peakapsas;1000
KURK  kileta,  Läti;Kurk;1000
PETERSELL kähar , Saksamaa;Maitseroheline;1000
Lõhefilee C-trim 0,9+kg n-ga Norra/real: 31.10.2018 ...0*C- + 4*C/EE T10;Lõhe/forell;1000
SM Prantsuse ürdisegu 180g (pure);Maitseained (keskmiselt);180
MEIE HEAKS Provansaal majonees 45% 1kg(ämber);Majonees 40,5%;1000
T-3 plastkast (sinine);!!!ÄRA SISESTA ANCsse!!!;1000
LEIBUR Kirde sai 300g(viil);Sai (keskmiselt);1000
"Jõhvikad 1,0kg külm.";Jõhvikas;1000
"Veisemaksapasteet 0,2 Nõo";Maksapasteet;200
"Br.kintsuliha nahata k-ta 2,5kgx4 PL -18c;Broilerifilee;1000
Peediribad 4000/2550g Saksa;Punane peet;4000
"Punapeediviilud 8,6kg Felix";Punane peet;8600
KULDNE täisterasepik 500g Leibur 7tk;Sepik;1000
Kaerasepik viil 360g 8/4 Leibur;Sepik;1000
"Gefilus Keefir 2,5% 1 kgPP;Keefir 2,5%;1000
Seakaelakarbonaad külm. UK/PL;Sealiha (keskmiselt);1000
Vaarikad 1kg purustatud -18c;Marjad (külmutatud);1000
Mango 2,5kg 20x20x20 -18c;Marjad (külmutatud);2500
Aura tomatimahl 1l;Tomatimahl;1000
Tükeldatud till 5 x 1 kg (marjaveski);Till;1000
Stl.3740 17.10.18;!!!ÄRA SISESTA ANCsse!!!;1000
KURK kiles,Luunja / Peipsi;Kurk;1000
Stl.3824 23.10.18;!!!ÄRA SISESTA ANCsse!!!;1000
VIINAMARI hele  *Victoria* ,1.kl,Itaalia;Viinamarjad;1000
VIINAMARI  *Red Globe*,Itaalia 1.kl;Viinamarjad;1000
KIIVI *Hayvard* 2,kl. Kolumbia;Kiivi;1000
APELSIN *Midknight* ,2.kl,LAV;Apelsin;1000
Stl.3936 30.10.18;!!!ÄRA SISESTA ANCsse!!!;1000
KAPSAS PUNANE Holland;Punane Peakapsas;1000
Heigi filee nahata 6/18kg. glaz 0% Hiina/real:31.05.19 ...-18*C FAO 061;Kalafilee (keskmiselt);1000
PJ Kurk pikk kg;Kurk;1000
KÜHNE Itaaliapärane salatikaste 250ml;Maitseained (keskmiselt);250
VALIO Viola Salatijuustukuubikud 18% 2kg(laktoosivaba);Feta juust;2000
FARMI Vahukoor 35% 1l(pure);Vahukoor 35%;1000
DAN SUKKER Pruun roosuhkur (rafineerimata) 750g;Suhkur;750
KÜHNE Ürdiäädikas 5% 500ml;Äädikas;500
VESKI MATI Rukkihelbed 500g;Rukkihelbed;500
E-PIIM Eesti juust 26% 500g(viilud,laktoosivaba);Juust (keskmise rasvasusega);500
TAKE 1 KOMMI ASEMEL Seemnesegu 100g(päevalill,kõrvits,seeder;Seemned (keskmiselt);100
Seakaelakarbonaad külm. IE/UK;Sealiha (keskmiselt);1000
SUVI PET 2L;Mahlakonsentraat (keskmiselt);2000
KIRSS PET 2L;Mahlakonsentraat (keskmiselt);2000
MUSTSõSTAR PET 2L;Mahlakonsentraat (keskmiselt);2000
JõHVIKAS PET 2L;Mahlakonsentraat (keskmiselt);2000
APELSIN konts. mahl suhkruga PET 2L;Apelsinimahl;2000
õUN PET 2L;Mahlakonsentraat (keskmiselt);2000
MAASIKAmoos 3,2kg;Moos (keskmiselt);3200
MAASIKA-KIRSImoos 3,2kg;Moos (keskmiselt);3200
VAARIKAmoos 3,2kg;Moos (keskmiselt);3200
MUSTSõSTRAmoos 3,2kg;Moos (keskmiselt);3200
PIRNI-SIDRUNImoos * 3,2kg;Moos (keskmiselt);3200
ÕUNAmoos * 3,2kg;Moos (keskmiselt);3200
Mesikäpp batoonike kaalu 1kg/pakk;Kommid;1000
Kakao alkaliseeritud 10/12% 1,0;Kakaopulber;1000
Kaera-ja riisihelbesegu 500g VM;Kaera-riisihelbed;500
Mintaifileest kalapulk 50g/5kg -18c;Kalaburger;1000
"Keefir 2,5% kiles 1kg TERE";Keefir 2,5%;1000
Kanamunad L Läti BALTICOVO;Muna;1000
"Hernes-porgand-mais 4x 2,5kg GG;Juurviljasegu (külmutatud, keskmiselt);2500
Hirss 1kg VM;Hirsitangud;1000
Stl.3973 01.11.18;!!!ÄRA SISESTA ANCsse!!!;1000
PIRN *Conference*45/50 2.kl. Holland;Pirn;1000
Stl.4079 07.11.18;!!!ÄRA SISESTA ANCsse!!!;1000
PIRN *Conference* 60+1.kl,Belgia;Pirn;1000
Stl.4093 08.11.18;!!!ÄRA SISESTA ANCsse!!!;1000
SALAT, Frillis 80g, Eesti,1.kl;Lehtsalat;80
KIRSS-PLOOMTOMAT   250g Holland1.kl;Tomat;250
Stl.4195 14.11.18;!!!ÄRA SISESTA ANCsse!!!;1000
Farmi Maxi vanillikohuke +25% 50g;Kohuke (keskmiselt);1000
"Rukkijahu 1,5kg";Rukkijahu;1500
Merevaik natur.Laktoosivaba 200g;Sulatatud juust (keskmise rasvasusega);200
"EMMA koh.kreem banaani 4% 0,15 TPT";Kohupiimatops(keskmiselt);1000
Tursafilee portsion ük. n.-ta 10kg. /real: 30.09.2019 ... -18*C;Kalafilee (keskmiselt);1000
HELEN Helde mitmeviljapuder seemnete ja porgandiga 500g;Helbed seemne ja porgandiga;500
VICTORIA Poolikud pirnid suhkrusiirupis 2,6kg(plekkpurk);Kompott;2600
PJ Till potis Grüne Fee;Till;100
Taani broilerikints seljata 2,5kg(külmut.);Broilerifilee;1000
PURE Apelsinimahl viljalihaga 1l(pet);Apelsinimahl;1000
PANT Plastist ühekorrapakend(suurem kui 0,5l) (B);!!!ÄRA SISESTA ANCsse!!!;1000
SM Kartulimaitseaine 800g (pure);Maitseained (keskmiselt);800
LA MASIA Oliivijääkõli 500ml;Toiduõli;500
ROSHEN Marmelaadikompvekid Lepatriinu 1kg;Kommid;1000
KLIM Sufleekompvekid Little Angel 1kg;Kommid;1000
PJ Petersell potis Grüne Fee;Maitseroheline;100
Koorene kohup.kreem must kirss 150gFarmi;Kohupiimatops(keskmiselt);1000
Saare koorene kohuke VANILLI 40g PK( 20tk)*;Kohuke (keskmiselt);1000
Seakaelakarbonaad jahutatud RAKVERE;Sealiha (keskmiselt);1000
Suitsuvorsti kuubik 9mm kg Oskar *;Poolsuitsuvorst;1000
Greenfield Rich Camomille ürdi tee 1,5gx25;Teepuru;37.5
"Roh.tee sidruni 1,5gx25 Printsess";Teepuru;37.5
Sea kaelakarb. JAHUTUS NÕO;Sealiha (keskmiselt);1000
Sepik kaeraga juuretisega 400gx6 Leibur;Sepik;1000
Sepik Kamaga 400g x6 Leibur;Sepik;1000
Maasika-mustikamoos 3kg Maldivar;Moos (keskmiselt);3000
Pohlamoos 3kg Maldivar;Moos (keskmiselt);3000
K/s Saaremaa Talusink vp *;Sink (sea, keedu);1000
LAIMA Sefiir jõhvikamaitseline 200g;Kommid;200
MARMITON Piparkoogid apelsinitükkidega 300g;Piparkook;300
PJ Hapukapsas porgandiga 1kg(Saaremaa);Hapukapsas;1000
MAKS&MOORITS Maamehesink kg;Sink (sea, keedu);1000
HELEN Helde mitmeviljapuder jõhvika, kookose ja õunaga 500g;Helde jõhvikas,kookos,õun;500
EESTI LEIVATÖÖSTUS Pärnu rukkileib 600 g;Leib (keskmiselt);1000
FRAGATA Mustad oliiviviilud 3kg(plekkpurk);Oliivid (mustad konserveeritud);3000
LAIMA Sefiir vahvlipuistes 200g;Kommid;200
Toorjuust 24,5% 1,0 Juliko;Toorjuust (maitsestamata);1000
Sea abaliha JAHUTATUD DK;Sealiha (keskmiselt);1000
Piimameister Otto toorjuust 1kg;Toorjuust (maitsestamata);1000
Farmi Toorjuust 30% 1kg ämber (NaCl 0,4%);Toorjuust (maitsestamata);1000
EESTI LEIVATÖÖSTUS Must leib "Must Ronk" 600g;Leib (keskmiselt);1000
PJ Pirn Comice kg;Pirn;1000
PJ Jääsalat kg;Lehtsalat;1000
MARMITON Piparkoogid 180g;Piparkook;180
Isa peenleib viil 730g 8/4 Leibur;Leib (keskmiselt);1000
Ruks täisterarukkileib viil 800g 6/3 Leibur;Leib (keskmiselt);1000
Kanamunad M10 Leedu;Muna;10000
Kati Maisimanna 1 kg;Maisimanna;1000
Kana pihvid jahutatud;Kanapihvid;1000
Vesi;!!!ÄRA SISESTA ANCsse!!!;1000
Kanal;!!!ÄRA SISESTA ANCsse!!!;1000
Veemõõtja DN 25 (1&quot;);!!!ÄRA SISESTA ANCsse!!!;1000
Suitsupõsk Nõo;Suitsusink (sealihast);1000
Veisemaksa stroganov ca1kg Karjamõisa;Maks (veise);1000
KALEV Jõulu Orav kommipakk 400g;Kommid;400
EESTI PAGAR Pehmik peedi-porgandi-pastinaagi-pihlaka 240g;PEEDI-PORGANDI-PASTINAAGI-PIHLAKA PEHMIK;240
Veemõõtja DN 25 (1&quot;);!!!ÄRA SISESTA ANCsse!!!;1000
Stl.4331 22.11.18;!!!ÄRA SISESTA ANCsse!!!;1000
PIRN *Lucas" 65+, 1.kl ,Holland;Pirn;1000
BALSNACK Kamapallid 150g;Kamapallid;150
Broileri rinnafilee 2kg(külmut.);Broilerifilee;2000
ALMA Vahukoor 35% 1l(pure);Vahukoor 35%;1000
PÕLTSAMAA Multimahlajook 1l;Aprikoosimehu;1000
VESKI MATI Seemnete ja kliidega helbed 500g;Kaheksaviljahelbed;500
Broileri kintsuliha nahata,kondita kg(kast ca 10kg,külmut.);Broilerifilee;1000
Broileri kintsuliha nahata,kondita 1kg(külmut.);Broilerifilee;1000
RUKStäisteravormileib viil 600g 6/3;Leib (keskmiselt);600
Selga sokol.maits.küpsised 180g (48 tk);Küpsis;180
Saaremaa Talusink ca1,2kg *;Sink (sea, keedu);1000
KALEV Batoonike Kirju koer piparkoogiga 1kg;Kommid;1000
VANAEMA KÖÖK Sealiha guljašš 1kg(külmut.kõrgem sort.2x2cm);Sealiha (keskmiselt);1000
PÕLTSAMAA Praekapsas porgandiga 3kg;Hapukapsas;3000
SALVEST Praekapsas 3,0kg;Hapukapsas;3000
GREENFIELD Honey Linden must tee 25x1,5g;Teepuru;37.5
GREENFIELD Rooibos tee Wildberry 25x1,5g(fooliumis);Teepuru;37.5
GREENFIELD Roheline tee Mellow Peach 25x1,8g(foolium);Teepuru;45
ARDO Beebiporgandid 2,5kg;Porgand;2500
SALVEST Salatiporgand 530g;Porgand;530
Väik.porgandid 8/14 2,5kg-18c;Porgand;2500
Sampinjoni viil 2650ml/1330g;Seened (keskmiselt);1330
Minimaisi tõlvik 1,0 külm.;Mais (konserveeritud);1000
Praekapsas 3kg Salvest;Hapukapsas;3000
"Felix Praekapsas 3,0" porgandiga;Hapukapsas;3000
Paprikalõigud (pun,koll,roh) 2,5kg Culti;Paprika;2500
Stl.4545 05.12.18;!!!ÄRA SISESTA ANCsse!!!;1000
Stl.4673 12.12.18;!!!ÄRA SISESTA ANCsse!!!;1000
KAPSAS PUNANE,Läti;Punane Peakapsas;1000
Sea kaelakarbonaad JAHUTATUD / DK/;Sealiha (keskmiselt);1000
RUKS täisteravormileib viil 600g 6/3;Leib (keskmiselt);600
Hapukapsas 1,0 Kadarbiku;Hapukapsas;1000
Eriti hea nisujahu 2,0 Veski Mati;Nisujahu;2000
Nordic nisuhelbed 600g;Nisuhelbed;600
Aura multinektar 1l;Aprikoosimehu;1000
Suhkur 1,0;Suhkur;1000
Krabinuudlid 1,0 külm. Vici;Krevetid (külmutatud);1000
SALVEST Tükeld.kurk 4,1kg (kuubik 9mm);Kurk (konserveeritud);4100
Verivorst ca1.3kg SLT*;Verivorst;1000
Põldmarjad 1,0kg külm.;Marjad (külmutatud);1000
"Br.kintsuliha nahata k-ta 2,5 kgx 4 PL -18c;Broilerifilee;2500
Tärklis Minu 400g (30tk);Kartulitärklis;400
P/s Saare *;Poolsuitsuvorst;1000
T/s vorst Florences 220g Läti *;Poolsuitsuvorst;220
Pasta durum Cornetti 5,0 Tartu;Makaronid;5000
Ribiliha Nõo -18c;Searibi;1000
Stl.4799 19.12.18;!!!ÄRA SISESTA ANCsse!!!;1000
Pizzasink kuubik 0,5cm ca 2kg/karp RLK;Sink (sea, keedu);1000
Chippy maisihelbed 1 kg;Maisihelbed;1000
VAARIKAS-MUSTIKAS PET 2L;Mahlakonsentraat (keskmiselt);2000
MAASIKA-MUSTIKA moos 3,2kg;Moos (keskmiselt);3200
KIRSImoos * 3,2kg;Moos (keskmiselt);3200
KODUMARJA moos* 3,2kg;Moos (keskmiselt);3200
VAARIKAlisand jogurtile PET 2l;Mahlakonsentraat (keskmiselt);2000
KIRSIlisand jogurtile PET 2l;Mahlakonsentraat (keskmiselt);2000
ALMA Piim 3.5% 1,0 kilep.;Piim 3,5 %;1000
ALMA Piim 2,5% 1,0 kilep.;Piim 2,5%;1000
ALMA keefir 2,5% 1,0 kilep.;Keefir 2,5%;1000
Tõmmu p/s vorst 350g Atria *;Poolsuitsuvorst;350
Külm.Frikadellid 1kg S-Jaani;Frikadellid;1000
Alma Kodujuust 4% 5kg;Kodujuust 4%;5000
Vaarikas külm.1,0kg Poola;Marjad (külmutatud);1000
Lihapuljong 1kg;Maitseained (keskmiselt);1000
Rukkitäisterajahu 1800 1,5kg Tartu Mill;Rukkijahu;1500
Merevaik nat.18,5% 200g (12tk);Sulatatud juust (keskmise rasvasusega);200
Väike sarveke 3,0 VM;Makaronid;3000
Nordic rukkihelbed 600g;Rukkihelbed;600
Hakkliha "Kodune" 1.0kg SLPT;Hakkliha (sea-veise);1000
ALMA koh.kreem vaarika-passionivilja 150g;Kohupiimatops(keskmiselt);150
Seakaelakarbonaad külm. PL/BE;Sealiha (keskmiselt);1000
Hapukoor FARMI 20% 1,0kg kile;Hapukoor 20%;1000
Stl.15 02.01.19;!!!ÄRA SISESTA ANCsse!!!;1000
PIRN  *Red Early Desire*85+ 1.kl,Holland;Pirn;1000
Stl.109 08.01.19;!!!ÄRA SISESTA ANCsse!!!;1000
Stl.135 09.01.19;!!!ÄRA SISESTA ANCsse!!!;1000
BANAAN,Guatemala;Banaan;1000
VIINAMARI  *Sugraone"1,kl, Peruu;Viinamarjad;1000
VIINAMARI  *Red Globe*,Peruu 1.kl;Viinamarjad;1000
KIIVI *Hayvard* 2,kl. Kreeka;Kiivi;1000
MANDARIIN Klementiin.Hispaania 1.kl;Mandariin;1000
ÕUN Golden  70+ 1kl,Itaalia;Õun;1000
ÕUN  *Jonagold * 90/+1.kl.Belgia;Õun;1000
Stl.231 15.01.19;!!!ÄRA SISESTA ANCsse!!!;1000
ALMA keefir täispiimast 3,8-4,2% 1 kg;Keefir 2,5%;1000
Rukkikama 400g Tartu Mill;Rukkikama;400
Br.kintsuliha nahata k-ta 2,5 kgx 4 PL -18c;Broilerifilee;1000
Lõhetükid nahaga 10kg. plokk Norra/real: 31.05.2020 ...-18*C;Lõhe/forell;1000
Odrahelbed 3,0 VM;Odrahelbed;3000
MAASIKAS hibiskusega PET 2L;Mahlakonsentraat (keskmiselt);2000
VAARIKAS-PIPARMüNT PET 2L;Mahlakonsentraat (keskmiselt);2000
FELIX Klassikaline majonees 45% 4,5kg;Majonees 40,5%;4500
PREMIUM Kuivatatud aprikoosid 300g;Aprikoos;300
PÄHKLINÄPP Kuivatatud mustad ploomid 500g(kivideta);Kuivatatud puuviljad;500
MAKS&MOORITS Väike viiner kooritud 800g;Viiner;800
ALMA Vahukoor 35% 400ml(pure);Vahukoor 35%;400
RAKVERE Miniviiner 360g;Viiner;360
ALMA Mait.-ta jogurt / 5,0 /2,5% lakt.vaba;Jogurt 2,2% (maitsestamata);5000
4-viljahelbed 500g Veski Mati;Neljaviljahelbed;500
Neljaviljahelbed 3,0 VM;Neljaviljahelbed;3000
Täistera nisujahu/Graham 1kg;Nisujahu (täistera);1000
OLIVIA Rapsiõli 1,0;Toiduõli;1000
Pomace Oliivijääkõli OiliO 1,0 l;Toiduõli;1000
SALLISELTA Pähklite segu 800g;Pähklid (keskmiselt);800
SALLISELTA Pähklite segu 400g;Pähklid (keskmiselt);400
ALMA Banaani-maasika joogijogurt 1,5%  1kg(kiles);Joogijogurt 2,5%;1000
LAIMA Vaniljemaitselised vahvlid 3kg;Vahvel;3000
FOOD INDEX Ploomikompott (poolikud) 700g (klaas);Kompott;700
TARTU MILL Rukkitäisterajahu 1,5kg;Rukkijahu;1500
VILMA Kakaopulber vähendatud rasvasisaldusega 150g;Kakaopulber;150
KLINGAI/DELIKA Kakaopulber 100g;Kakaopulber;100
Alma kohup.kreem-vanilli 5kg 2,5%;Emma kohupiimakreem;5000
Pagari kohupiim 5kg Estover;Emma kohupiimakreem;5000
Sealihast guljass 2,0 Lepiku;Sealiha (keskmiselt);1000
DR.Hellus Haps Vaarika 1,0;Haps;1000
Sibulakuubik 4x 2,5kg 10mm külm.;Sibul;2500
Seesamiseemned 1,0 AK;Seemned (keskmiselt);1000
Br.kintsuliha nahata-ta 1 kg 10kg kast PL;Broilerifilee;1000
Stl.387 23.01.19;!!!ÄRA SISESTA ANCsse!!!;1000
PIRN *Conference* 60+2kl,Holland;Pirn;1000
Stl.412 25.01.19;!!!ÄRA SISESTA ANCsse!!!;1000
Stl.479 29.01.19;!!!ÄRA SISESTA ANCsse!!!;1000
PEET , Eesti;Punane peet;1000
BANAAN,Panama;Banaan;1000
SIDRUN ,Türgi 2.kl;Sidrun;1000
Stl.508 30.01.19;!!!ÄRA SISESTA ANCsse!!!;1000
KATI Pikateraline riis 1kg;Riis;1000
CREME BONJOUR maitserohelisega 200g(toorjuust jogurtiga);Toorjuust (maitsestamata);200
TARTU MILL Täistera nisujahu T-1700 1kg;Nisujahu (täistera);1000
Lõhesabad n.-ta 15kg. Norra/real.30.05.2020...-18*C;Lõhe/forell;1000
Metsmaasika joogijog, 1,0 kile 1,5% Tere;Joogijogurt 2,5%;1000
Pagari sai 320g Eesti Leib 4/8 tk;Sai (keskmiselt);320
Jõhvikad 1,0kg külm.;Jõhvikas;1000
Seljafilee suits.1,6kg VIIL Nõo;Suitsusink (sealihast);1000
Adugs küpsis Käbi 2,5kg;Küpsis;2500
Tee Tradits.250g Printsess Gita;Teepuru;250
CHA Roheline tee ja must tee vaarikaga 90g(orgaaniline,purk);Teepuru;90
LIPTON Roheline tee melissi- ja sidrunikoortega 20x1,6g;Teepuru;32
GRANORO Väike sarveke 3kg;Makaronid;3000
KALEV Mesikäpp Nelipäkk kommisegu 500g;Kommid;500
Nordic 4-viljahelbed 600g;Neljaviljahelbed;600
Hirss 1kg Baltix;Hirsitangud;1000
Äädikas 30% 0,5l;Äädikas;500
Dr.Hellus Haps Maasika 1,0 TPT;Haps;1000
Stl.611 05.02.19;!!!ÄRA SISESTA ANCsse!!!;1000
Stl.747 12.02.19;!!!ÄRA SISESTA ANCsse!!!;1000
TÜÜMIAN,Oru Farm potis, Eesti;Maitseroheline;1000
Riivitud juust 2kg/pk E-piim vast.dekl.PM-VD-1;Juust (keskmise rasvasusega);2000
Majonees Lahe Laua 900g;Majonees 40,5%;900
Frikadellid ca7,5kg külm. RLK;Frikadellid;1000
Alma koh.kreem metsmaasika /5,0/ 2,5%;Emma kohupiimakreem;5000
Nõo Soolapeekon ca500g;Sealiha (keskmiselt);1000
Kaerahelbed JÄME RÖST 1 kgx8 Veski-Mati;Kaerahelbed;1000
Viiner lambasooles Päris 350g Oskar;Viiner;350
Kl.Suur Kirde sai viil 450g(6);Sai (keskmiselt);450
Rukkijahu 1,5kg;Rukkijahu;1500
Pasta durum Puntine 500g TM (riisimakaron);Makaronid;500
TARTU MILL Maccheroni Lisci 100% durum 500g;Makaronid;500
MERESOOL 1kg (kile);Sool;1000
LEIBUR Kaerasepik 360g;Sepik;360
Stl.860 18.02.19;!!!ÄRA SISESTA ANCsse!!!;1000
PIRN *Lucas" 70+, 1.kl ,Holland;Pirn;1000
Stl.911 21.02.19;!!!ÄRA SISESTA ANCsse!!!;1000
Stl.993 26.02.19;!!!ÄRA SISESTA ANCsse!!!;1000
PIRN *Conference* 60+2kl,Belgia;Pirn;1000
DR.HELLUS keefir 2,5% 1,0PP;Keefir 2,5%;1000
Tatar 1kgx15 VM;Tatratangud;15000
k/vorst Lemmik Saaremaa SLT;Vorst keedu (keskmiselt);1000
TERE Hellus keefir 2,5% 1kg(pure);Keefir 2,5%;1000
TARPLAN Majonees Lahe Laua 36% 4,5kg;Majonees 40,5%;4500
Majon.Lahe Laua 4,5kg Tarplan;Majonees 40,5%;4500
Lõhetükid n.-ta, 3* 7,5kg. Norra/real:05.01.2019 ... -18*C;Lõhe/forell;1000
VESKI MATI Riisimanna 500g;Riisimanna;500
SALVEST Mahlakas porgandimehu 480ml;Porgandimehu;480
PANT Klaasist ühekorrapakend (D);Porgandimehu;1000
GREEN Poolikud aprikoosid siirupis 700g;Kompott;700
ESTOVER Eesti juust 350g(viilud);Juust (keskmise rasvasusega);350
TARTU MILL Täistera Chiffari Lisci 100% durum 500g;Makaronid;500
LT Kanamunad 30tk. L(rest);Muna;30000
Stl.1093 04.03.19;!!!ÄRA SISESTA ANCsse!!!;1000
KAPSAS PUNANE,Eesti;Punane Peakapsas;1000
Stl.1179 08.03.19;!!!ÄRA SISESTA ANCsse!!!;1000
Stl.1206 11.03.19;!!!ÄRA SISESTA ANCsse!!!;1000
AEDTILL Hispaania;Till;1000
Stl.1288 14.03.19;!!!ÄRA SISESTA ANCsse!!!;1000
KURK  Soome;Kurk;1000
VALDORFO Mix Universaalne maitseaine 1kg;Maitseained (keskmiselt);1000
TARTU MILL Pudruriis 1kg;Riis;1000
OTEPÄÄ LIHATÖÖSTUS Viinerid kg(ca 1kg);Viiner;1000
HENGSTENBERG Äädikas mangoga 250ml;Äädikas;250
SM Hakklihamaitseaine (soolata) 490g(pure);Maitseained (keskmiselt);490
LEIBUR Rukkiröst 470g(viil);Leib (keskmiselt);1000
LT Kanamunad 30tk. M(rest);Muna;30000
Põltsamaa ploominektar 1,0;Ploominektar;1000
7-vilja helbed linaseemnetega 500g;Seitsmeviljahelbed;500
Seaabaliha ribad külm. SLT;Sealiha (keskmiselt);1000
A-hapupiim 1% TPT;Hapupiim 2,5%;1000
Punased kidney oad 2500/1500g Itaalia;Oakonserv;2500
Põltsamaa multimahlajook 1,0l;Mahlakonsentraat (keskmiselt);1000
Odrajahu 1,5kg Veski Mati;Odrajahu;1500
Stl.1405 20.03.19;!!!ÄRA SISESTA ANCsse!!!;1000
KAPSAS varajane,Hispaania;Valge peakapsas;1000
Stl.1495 25.03.19;!!!ÄRA SISESTA ANCsse!!!;1000
Stl.1543 27.03.19;!!!ÄRA SISESTA ANCsse!!!;1000
Stl.1553 28.03.19;!!!ÄRA SISESTA ANCsse!!!;1000
Veeautomaadi korraline hooldus;!!!ÄRA SISESTA ANCsse!!!;1000
Kanamuna M ÕRRE Karjamõisa;Muna;1000
Toorjuust Creme Bonjour Classique 1,7kg;Toorjuust (maitsestamata);1700
BALSNACK Mahe rukkikrõbuskid 150g;Rukkikrõbuskid;150
Keedusink "Sikassaare" latis;Sink (sea, keedu);1000
Eesti juust viil 1kg 25,2% Estover;Juust (keskmise rasvasusega);1000
Marjasegu (6marja) 2,5kg GG 4tk;Marjad (külmutatud);2500
OTEPÄÄ LIHATÖÖSTUS Sinkvorst kg;Vorst keedu (keskmiselt);1000
GRANORO Nisujahu  T- 550 1kg;Nisujahu;1000
ARDO Lillkapsaõisikud (5/15mm väike) 2,5kg;Juurviljasegu (külmutatud, keskmiselt);1000
Krabimaits.nuudlid 1,0 külm. Vici;Makra;1000
ALMA Vahukoor 35% 1,0PP;Vahukoor 35%;1000
Sea kuubik 24x24 mm Nõo külm.;Sealiha (keskmiselt);1000
Stl.1661 02.04.19;!!!ÄRA SISESTA ANCsse!!!;1000
Stl.1684 03.04.19;!!!ÄRA SISESTA ANCsse!!!;1000
Stl.1732 05.04.19;!!!ÄRA SISESTA ANCsse!!!;1000
Stl.1803 09.04.19;!!!ÄRA SISESTA ANCsse!!!;1000
KURK Sagro,Eesti;Kurk;1000
KIRSS-ANANASS,100g Kolumbia;Kirss;100
Stl.1932 15.04.19;!!!ÄRA SISESTA ANCsse!!!;1000
Pagari kohupiim 0,1% 5,0 Tere;Kohupiim 0,1%;5000
Kakao 1,0;Kakaopulber;1000
Tomatiketsup Sentomat 2,5kgx6 Felix;Ketšup;2500
Väike kotlet 1,5kg (50gx30tk) -18c;Kanapihvid;1500
Kaerahelbed jämedad 3kg VM*;Kaerahelbed;3000
ARDO Marjasegu 2,5kg;Marjad (külmutatud);2500
HERKULESS Viieviljahelbed 500g;Viieviljahelbed;500
Röstitud sibul 500g;Sibul;500
LACTIMA Bistro XXL sulatatud juustu viilud 600g(30 viilu);Juust (keskmise rasvasusega);600
EESTI PAGAR XL Juusturull 1kg (20x50g, külmutatud);Juusturull;1000
Rukkihelbed 500g VeskiMati;Rukkihelbed;500
Mini poolsuitsuvorst VIIL 1,5kg (ca378viilu) Nõo;Poolsuitsuvorst;1500
Valged oad tomatikastmes 2700/1620g IT;Oakonserv;2700
Stl.2014 22.04.19;!!!ÄRA SISESTA ANCsse!!!;1000
KURK  Läti;Kurk;1000
PAPRIKA punane,Hispaania 2.kl;Paprika;1000
METSIK RUCCOLA 100g karp ,Itaalia;Maitseroheline;100
Stl.2066 24.04.19;!!!ÄRA SISESTA ANCsse!!!;1000
PIRN  *Conference*60+ 1.kl,Holland;Pirn;1000
RAKVERE Kodune hakkliha RAKVERE kg(MAP);Hakkliha (sea-veise);1000
NÕO P/S vorst Mini 135g(viil);Poolsuitsuvorst;135
Eesti Leivatööstuse plastkast;!!!ÄRA SISESTA ANCsse!!!;1000
KARNI T/S Kuningate 120g(viil);Poolsuitsuvorst;120
Sea trimming 70/30 IT külm.;Sealiha (keskmiselt);1000
HERKULESS Täisterakaerahelbed 1,5kg;Kaerahelbed;1500
BANGA Lõhepasteet 120g;Kalakonserv (sardiinid õlis);120
VANAEMA KÖÖK Broileri hakkliha 1kg(külmut.);Broilerifilee;1000
SAAREMAA Keeduvorsti kuubikud kg;Vorst keedu (keskmiselt);1000
LT Kanamunad 10tk. M;Muna;1000
TAKE 1 Kookoshelbed 500g;Kookoshelbed;500
PJ Kurk pikk kileta Eesti kg;Kurk;1000
Hapukoor 20% 500g TERE;Hapukoor 20%;500
Piim 2,5% 1l kile TERE;Piim 2,5%;1000
Porgandikuubikud 2,5kg-18c 4tk;Porgand;2500
EESTI LEIVATÖÖSTUS Peenleib 800 g;Leib (keskmiselt);1000
HERKULESS Kaerahelbed nisukliidega 500g;Kaerahelbed;500
AURA Mango-aprikoosinektar 1l;Aprikoosimehu;1000
PJ Nuikapsas kg;Nuikapsas;1000
EESTI PAGAR XL Kaneelisaiake 800g (20x40g, külmutatud);Saiake;800
Must Jassi seemneleib 650g Eesti Pagar 10/5;Teraleib;1000
Stl.2201 02.05.19;!!!ÄRA SISESTA ANCsse!!!;1000
Stl.2324 08.05.19;!!!ÄRA SISESTA ANCsse!!!;1000
PORRULAUK ,Holland;Porrusibul;1000
KURK  Eesti;Kurk;1000
Stl.2414 13.05.19;!!!ÄRA SISESTA ANCsse!!!;1000
Veise maksa strogonov 0,5 külm.Lepiku;Maks (veise);500
Räimerullid küüsl.rose pipra marin.3,0;Vürtsikilu;3000
Julienne köögiviljasegu 1,0 Dujardin;Juurviljasegu (külmutatud, keskmiselt);1000
FARMI piim 3,5% 1.0l kile;Piim 3,5 %;1000
Veisemaksapasteet 0,2 Nõo;Maksapasteet;200
Laste keeduvorst ca1,5kg viil Atria;Vorst keedu (keskmiselt);1000
Sealihast strogonov 2,0 Lepiku;Sealiha (keskmiselt);2000
Brocc.lillk.porgand 2,5kg-18c 4 tk;Aedviljasalat;10000
Tiina rummimaits.marm.kompvek 1kg/pk;Kommid;1000
Kalev pralineekompvek Teekonna 1kg/pakk;Kommid;1000
TERE Piim 2,5% 1l (kile);Piim 2,5%;1000
ARSENAL Vahvlitorud vaniljekreemiga 3,5kg;Vahvel;3500
Br.kintsuliha nahata k-ta 2,5 kgx6 LV -18c;Broilerifilee;1000
Kirsimoos 3kg;Moos (keskmiselt);3000
Stl.2470 16.05.19;!!!ÄRA SISESTA ANCsse!!!;1000
Stl.2547 20.05.19;!!!ÄRA SISESTA ANCsse!!!;1000
Stl.2577 21.05.19;!!!ÄRA SISESTA ANCsse!!!;1000
ÕUN Golden  70+ 1kl,Saksamaa;Õun;1000
Stl.2616 23.05.19;!!!ÄRA SISESTA ANCsse!!!;1000
Stl.2715 28.05.19;!!!ÄRA SISESTA ANCsse!!!;1000
Stl.2761 30.05.19;!!!ÄRA SISESTA ANCsse!!!;1000
VIINAMARI  *Red Globe*,Tshiili 1.kl;Viinamarjad;1000
VIINAMARI  *Thompson"1,kl, India;Viinamarjad;1000
MAASIKAS ,Kreeka;Maasikas;1000
SIDRUN ,Hispaania 1.kl;Sidrun;1000
Väike sarveke 3,0 VM*;Makaronid;3000
Tomatid tükeld.3100ml/2900g Green;Tomat;2900
Mustad oliivid viil. 3000/1550g Kier;Oliivid (mustad konserveeritud);3000
Mintaifilee nahata 700/560gr külm.Viciunai;Kalafilee (keskmiselt);700
Suitsuvorsti kuubik 9mm kg Oskar;Suitsuvorst;1000
Saaremaa Eesti juust 400g viil (8TK)*;Juust (keskmise rasvasusega);400
Piknikukurk VIIL mar. 8,2kg Felix;Kurk;8200
Külm.seal.guljass I sort 75/25 1 KG Talika;Sealiha (keskmiselt);1000
Emma koh.kreem banaani 4% 0,15 TPT;Emma kohupiimakreem;150
